年份,考生所在地,考生类别,分数段,本段人数,累计人数
2019,湖北,理科,688,12,58
2019,湖北,理科,687,8,66
2019,湖北,理科,686,9,75
2019,湖北,理科,685,8,83
2019,湖北,理科,684,13,96
2019,湖北,理科,683,10,106
2019,湖北,理科,682,13,119
2019,湖北,理科,681,11,130
2019,湖北,理科,680,13,143
2019,湖北,理科,679,24,167
2019,湖北,理科,678,23,190
2019,湖北,理科,677,29,219
2019,湖北,理科,676,24,243
2019,湖北,理科,675,25,268
2019,湖北,理科,674,16,284
2019,湖北,理科,673,24,308
2019,湖北,理科,672,27,335
2019,湖北,理科,671,31,366
2019,湖北,理科,670,30,396
2019,湖北,理科,669,20,416
2019,湖北,理科,668,34,450
2019,湖北,理科,667,37,487
2019,湖北,理科,666,28,515
2019,湖北,理科,665,40,555
2019,湖北,理科,664,49,604
2019,湖北,理科,663,53,657
2019,湖北,理科,662,48,705
2019,湖北,理科,661,51,756
2019,湖北,理科,660,52,808
2019,湖北,理科,659,51,859
2019,湖北,理科,658,62,921
2019,湖北,理科,657,62,983
2019,湖北,理科,656,72,1055
2019,湖北,文科,655,2,16
2019,湖北,理科,655,75,1130
2019,湖北,文科,654,2,18
2019,湖北,理科,654,64,1194
2019,湖北,理科,653,67,1261
2019,湖北,理科,652,84,1345
2019,湖北,文科,652,3,21
2019,湖北,理科,651,85,1430
2019,湖北,文科,650,6,27
2019,湖北,理科,650,88,1518
2019,湖北,理科,649,93,1611
2019,湖北,文科,649,5,32
2019,湖北,理科,648,100,1711
2019,湖北,文科,648,2,34
2019,湖北,理科,647,89,1800
2019,湖北,文科,647,4,38
2019,湖北,理科,646,92,1892
2019,湖北,文科,646,3,41
2019,湖北,理科,645,102,1994
2019,湖北,文科,645,9,50
2019,湖北,理科,644,88,2082
2019,湖北,文科,644,8,58
2019,湖北,文科,643,7,65
2019,湖北,理科,643,107,2189
2019,湖北,文科,642,9,74
2019,湖北,理科,642,116,2305
2019,湖北,理科,641,112,2417
2019,湖北,理科,641,112,2417
2019,湖北,理科,640,102,2519
2019,湖北,文科,640,13,98
2019,湖北,理科,639,133,2652
2019,湖北,文科,639,3,101
2019,湖北,理科,638,121,2773
2019,湖北,文科,638,14,115
2019,湖北,理科,637,107,2880
2019,湖北,文科,637,9,124
2019,湖北,理科,636,117,2997
2019,湖北,文科,636,11,135
2019,湖北,理科,635,126,3123
2019,湖北,文科,635,20,155
2019,湖北,理科,634,145,3268
2019,湖北,文科,634,11,166
2019,湖北,理科,633,136,3404
2019,湖北,文科,633,12,178
2019,湖北,理科,632,154,3558
2019,湖北,文科,632,11,189
2019,湖北,理科,631,142,3700
2019,湖北,文科,631,20,209
2019,湖北,理科,630,152,3852
2019,湖北,文科,630,16,225
2019,湖北,理科,629,148,4000
2019,湖北,文科,629,18,243
2019,湖北,理科,628,145,4145
2019,湖北,文科,628,25,268
2019,湖北,文科,627,22,290
2019,湖北,理科,627,161,4306
2019,湖北,理科,626,171,4477
2019,湖北,文科,626,17,307
2019,湖北,理科,625,189,4666
2019,湖北,文科,625,19,326
2019,湖北,理科,624,182,4848
2019,湖北,文科,624,22,348
2019,湖北,理科,623,183,5031
2019,湖北,文科,623,30,378
2019,湖北,理科,622,208,5239
2019,湖北,文科,622,19,397
2019,湖北,理科,621,188,5427
2019,湖北,文科,621,33,430
2019,湖北,理科,620,175,5602
2019,湖北,文科,620,30,460
2019,湖北,理科,619,175,5777
2019,湖北,文科,619,36,496
2019,湖北,理科,618,170,5947
2019,湖北,文科,618,45,541
2019,湖北,理科,617,201,6148
2019,湖北,文科,617,42,583
2019,湖北,理科,616,213,6361
2019,湖北,文科,616,44,627
2019,湖北,理科,615,225,6586
2019,湖北,文科,615,37,664
2019,湖北,理科,614,228,6814
2019,湖北,文科,614,36,700
2019,湖北,理科,613,219,7033
2019,湖北,文科,613,50,750
2019,湖北,理科,612,241,7274
2019,湖北,文科,612,51,801
2019,湖北,理科,611,254,7528
2019,湖北,理科,611,254,7528
2019,湖北,文科,610,62,905
2019,湖北,理科,610,243,7771
2019,湖北,文科,609,55,960
2019,湖北,理科,609,247,8018
2019,湖北,文科,608,52,1012
2019,湖北,理科,608,219,8237
2019,湖北,文科,607,47,1059
2019,湖北,理科,607,215,8452
2019,湖北,文科,606,71,1130
2019,湖北,理科,606,230,8682
2019,湖北,文科,605,70,1200
2019,湖北,理科,605,243,8925
2019,湖北,文科,604,60,1260
2019,湖北,理科,604,276,9201
2019,湖北,文科,603,58,1318
2019,湖北,理科,603,253,9454
2019,湖北,文科,602,73,1391
2019,湖北,理科,602,252,9706
2019,湖北,文科,601,81,1472
2019,湖北,文科,601,81,1472
2019,湖北,理科,600,283,10280
2019,湖北,文科,600,88,1560
2019,湖北,理科,599,278,10558
2019,湖北,文科,599,81,1641
2019,湖北,理科,598,286,10844
2019,湖北,文科,598,87,1728
2019,湖北,理科,597,283,11127
2019,湖北,文科,597,80,1808
2019,湖北,理科,596,268,11395
2019,湖北,文科,596,104,1912
2019,湖北,理科,595,291,11686
2019,湖北,文科,595,88,2000
2019,湖北,理科,594,312,11998
2019,湖北,文科,594,100,2100
2019,湖北,理科,593,308,12306
2019,湖北,文科,593,88,2188
2019,湖北,理科,592,320,12626
2019,湖北,文科,592,94,2282
2019,湖北,理科,591,306,12932
2019,湖北,文科,591,93,2375
2019,湖北,文科,590,110,2485
2019,湖北,理科,590,340,13272
2019,湖北,理科,589,333,13605
2019,湖北,文科,589,111,2596
2019,湖北,文科,588,124,2720
2019,湖北,理科,588,307,13912
2019,湖北,理科,587,357,14269
2019,湖北,文科,587,115,2835
2019,湖北,理科,586,332,14601
2019,湖北,文科,586,144,2979
2019,湖北,文科,585,119,3098
2019,湖北,理科,585,338,14939
2019,湖北,理科,584,340,15279
2019,湖北,文科,584,136,3234
2019,湖北,文科,583,117,3351
2019,湖北,理科,583,347,15626
2019,湖北,理科,582,326,15952
2019,湖北,文科,582,146,3497
2019,湖北,文科,581,144,3641
2019,湖北,理科,581,355,16307
2019,湖北,文科,580,114,3755
2019,湖北,理科,580,344,16651
2019,湖北,文科,579,156,3911
2019,湖北,理科,579,362,17013
2019,湖北,文科,578,148,4059
2019,湖北,理科,578,357,17370
2019,湖北,文科,577,161,4220
2019,湖北,理科,577,369,17739
2019,湖北,文科,576,179,4399
2019,湖北,理科,576,368,18107
2019,湖北,文科,575,165,4564
2019,湖北,理科,575,396,18503
2019,湖北,文科,574,165,4729
2019,湖北,理科,574,348,18851
2019,湖北,文科,573,169,4898
2019,湖北,理科,573,396,19247
2019,湖北,文科,572,176,5074
2019,湖北,理科,572,387,19634
2019,湖北,文科,571,154,5228
2019,湖北,文科,571,154,5228
2019,湖北,理科,570,399,20422
2019,湖北,文科,570,203,5431
2019,湖北,理科,569,379,20801
2019,湖北,文科,569,206,5637
2019,湖北,理科,568,384,21185
2019,湖北,文科,568,199,5836
2019,湖北,理科,567,415,21600
2019,湖北,文科,567,223,6059
2019,湖北,理科,566,373,21973
2019,湖北,文科,566,205,6264
2019,湖北,理科,565,405,22378
2019,湖北,文科,565,222,6486
2019,湖北,理科,564,395,22773
2019,湖北,文科,564,201,6687
2019,湖北,理科,563,422,23195
2019,湖北,文科,563,210,6897
2019,湖北,理科,562,424,23619
2019,湖北,文科,562,219,7116
2019,湖北,理科,561,451,24070
2019,湖北,文科,561,244,7360
2019,湖北,理科,560,425,24495
2019,湖北,文科,560,188,7548
2019,湖北,理科,559,421,24916
2019,湖北,文科,559,213,7761
2019,湖北,理科,558,465,25381
2019,湖北,文科,558,227,7988
2019,湖北,理科,557,429,25810
2019,湖北,文科,557,246,8234
2019,湖北,理科,556,454,26264
2019,湖北,文科,556,214,8448
2019,湖北,理科,555,436,26700
2019,湖北,文科,555,224,8672
2019,湖北,理科,554,439,27139
2019,湖北,文科,554,248,8920
2019,湖北,理科,553,467,27606
2019,湖北,文科,553,233,9153
2019,湖北,理科,552,443,28049
2019,湖北,文科,552,270,9423
2019,湖北,理科,551,483,28532
2019,湖北,文科,551,230,9653
2019,湖北,理科,550,454,28986
2019,湖北,文科,550,250,9903
2019,湖北,文科,549,241,10144
2019,湖北,理科,549,508,29494
2019,湖北,理科,548,479,29973
2019,湖北,文科,548,261,10405
2019,湖北,理科,547,488,30461
2019,湖北,文科,547,256,10661
2019,湖北,理科,546,512,30973
2019,湖北,文科,546,238,10899
2019,湖北,理科,545,537,31510
2019,湖北,文科,545,252,11151
2019,湖北,理科,544,484,31994
2019,湖北,文科,544,247,11398
2019,湖北,文科,543,276,11674
2019,湖北,理科,543,536,32530
2019,湖北,理科,542,502,33032
2019,湖北,文科,542,269,11943
2019,湖北,理科,541,496,33528
2019,湖北,文科,541,293,12236
2019,湖北,理科,540,511,34039
2019,湖北,文科,540,268,12504
2019,湖北,文科,539,281,12785
2019,湖北,理科,539,501,34540
2019,湖北,文科,538,256,13041
2019,湖北,理科,538,533,35073
2019,湖北,理科,537,511,35584
2019,湖北,文科,537,260,13301
2019,湖北,理科,536,510,36094
2019,湖北,文科,536,312,13613
2019,湖北,文科,535,286,13899
2019,湖北,理科,535,544,36638
2019,湖北,文科,534,252,14151
2019,湖北,理科,534,564,37202
2019,湖北,理科,533,518,37720
2019,湖北,文科,533,253,14404
2019,湖北,理科,532,503,38223
2019,湖北,文科,532,315,14719
2019,湖北,文科,531,294,15013
2019,湖北,理科,531,498,38721
2019,湖北,文科,530,303,15316
2019,湖北,理科,530,519,39240
2019,湖北,文科,529,277,15593
2019,湖北,理科,529,576,39816
2019,湖北,文科,528,296,15889
2019,湖北,理科,528,515,40331
2019,湖北,文科,527,300,16189
2019,湖北,理科,527,515,40846
2019,湖北,文科,526,310,16499
2019,湖北,理科,526,560,41406
2019,湖北,文科,525,284,16783
2019,湖北,理科,525,537,41943
2019,湖北,文科,524,304,17087
2019,湖北,理科,524,580,42523
2019,湖北,文科,523,319,17406
2019,湖北,理科,523,535,43058
2019,湖北,文科,522,308,17714
2019,湖北,理科,522,537,43595
2019,湖北,文科,521,272,17986
2019,湖北,理科,521,546,44141
2019,湖北,文科,520,305,18291
2019,湖北,理科,520,562,44703
2019,湖北,文科,519,306,18597
2019,湖北,理科,519,501,45204
2019,湖北,文科,518,320,18917
2019,湖北,理科,518,588,45792
2019,湖北,文科,517,332,19249
2019,湖北,理科,517,553,46345
2019,湖北,文科,516,317,19566
2019,湖北,理科,516,571,46916
2019,湖北,文科,515,299,19865
2019,湖北,理科,515,556,47472
2019,湖北,文科,514,305,20170
2019,湖北,理科,514,577,48049
2019,湖北,文科,513,273,20443
2019,湖北,理科,513,521,48570
2019,湖北,文科,512,300,20743
2019,湖北,理科,512,578,49148
2019,湖北,文科,511,335,21078
2019,湖北,理科,511,576,49724
2019,湖北,文科,510,317,21395
2019,湖北,理科,510,578,50302
2019,湖北,文科,509,336,21731
2019,湖北,理科,509,592,50894
2019,湖北,文科,508,330,22061
2019,湖北,理科,508,571,51465
2019,湖北,文科,507,333,22394
2019,湖北,理科,507,560,52025
2019,湖北,文科,506,335,22729
2019,湖北,理科,506,584,52609
2019,湖北,文科,505,316,23045
2019,湖北,理科,505,592,53201
2019,湖北,文科,504,304,23349
2019,湖北,理科,504,557,53758
2019,湖北,文科,503,327,23676
2019,湖北,理科,503,616,54374
2019,湖北,文科,502,337,24013
2019,湖北,理科,502,539,54913
2019,湖北,文科,501,308,24321
2019,湖北,文科,501,308,24321
2019,湖北,理科,500,581,56066
2019,湖北,文科,500,320,24641
2019,湖北,理科,499,535,56601
2019,湖北,文科,499,357,24998
2019,湖北,理科,498,587,57188
2019,湖北,文科,498,308,25306
2019,湖北,理科,497,595,57783
2019,湖北,文科,497,343,25649
2019,湖北,理科,496,585,58368
2019,湖北,文科,496,304,25953
2019,湖北,理科,495,570,58938
2019,湖北,文科,495,315,26268
2019,湖北,理科,494,561,59499
2019,湖北,文科,494,325,26593
2019,湖北,理科,493,582,60081
2019,湖北,文科,493,324,26917
2019,湖北,理科,492,601,60682
2019,湖北,文科,492,355,27272
2019,湖北,理科,491,590,61272
2019,湖北,文科,491,344,27616
2019,湖北,理科,490,564,61836
2019,湖北,文科,490,343,27959
2019,湖北,理科,489,567,62403
2019,湖北,文科,489,308,28267
2019,湖北,理科,488,573,62976
2019,湖北,文科,488,345,28612
2019,湖北,理科,487,607,63583
2019,湖北,文科,487,375,28987
2019,湖北,理科,486,605,64188
2019,湖北,文科,486,333,29320
2019,湖北,理科,485,573,64761
2019,湖北,文科,485,339,29659
2019,湖北,理科,484,571,65332
2019,湖北,文科,484,371,30030
2019,湖北,理科,483,602,65934
2019,湖北,文科,483,333,30363
2019,湖北,理科,482,592,66526
2019,湖北,文科,482,336,30699
2019,湖北,理科,481,582,67108
2019,湖北,文科,481,351,31050
2019,湖北,理科,480,600,67708
2019,湖北,文科,480,360,31410
2019,湖北,理科,479,556,68264
2019,湖北,文科,479,372,31782
2019,湖北,理科,478,595,68859
2019,湖北,文科,478,334,32116
2019,湖北,理科,477,600,69459
2019,湖北,文科,477,340,32456
2019,湖北,理科,476,593,70052
2019,湖北,文科,476,351,32807
2019,湖北,理科,475,595,70647
2019,湖北,文科,475,378,33185
2019,湖北,理科,474,586,71233
2019,湖北,文科,474,329,33514
2019,湖北,理科,473,574,71807
2019,湖北,文科,473,347,33861
2019,湖北,理科,472,555,72362
2019,湖北,文科,472,344,34205
2019,湖北,理科,471,526,72888
2019,湖北,文科,471,346,34551
2019,湖北,理科,470,623,73511
2019,湖北,文科,470,354,34905
2019,湖北,理科,469,602,74113
2019,湖北,文科,469,344,35249
2019,湖北,理科,468,599,74712
2019,湖北,文科,468,359,35608
2019,湖北,理科,467,591,75303
2019,湖北,文科,467,377,35985
2019,湖北,理科,466,542,75845
2019,湖北,文科,466,394,36379
2019,湖北,理科,465,564,76409
2019,湖北,文科,465,375,36754
2019,湖北,理科,464,599,77008
2019,湖北,文科,464,351,37105
2019,湖北,理科,463,595,77603
2019,湖北,文科,463,342,37447
2019,湖北,理科,462,581,78184
2019,湖北,文科,462,349,37796
2019,湖北,理科,461,590,78774
2019,湖北,文科,461,323,38119
2019,湖北,理科,460,615,79389
2019,湖北,文科,460,344,38463
2019,湖北,理科,459,622,80011
2019,湖北,文科,459,375,38838
2019,湖北,理科,458,579,80590
2019,湖北,文科,458,349,39187
2019,湖北,理科,457,570,81160
2019,湖北,文科,457,361,39548
2019,湖北,理科,456,613,81773
2019,湖北,文科,456,348,39896
2019,湖北,理科,455,603,82376
2019,湖北,文科,455,333,40229
2019,湖北,理科,454,577,82953
2019,湖北,文科,454,372,40601
2019,湖北,理科,453,598,83551
2019,湖北,文科,453,366,40967
2019,湖北,理科,452,597,84148
2019,湖北,文科,452,318,41285
2019,湖北,理科,451,612,84760
2019,湖北,文科,451,354,41639
2019,湖北,理科,450,519,85279
2019,湖北,文科,450,313,41952
2019,湖北,理科,449,607,85886
2019,湖北,文科,449,372,42324
2019,湖北,理科,448,590,86476
2019,湖北,文科,448,347,42671
2019,湖北,理科,447,571,87047
2019,湖北,文科,447,341,43012
2019,湖北,理科,446,551,87598
2019,湖北,文科,446,386,43398
2019,湖北,理科,445,577,88175
2019,湖北,文科,445,362,43760
2019,湖北,理科,444,574,88749
2019,湖北,文科,444,347,44107
2019,湖北,理科,443,552,89301
2019,湖北,文科,443,330,44437
2019,湖北,理科,442,572,89873
2019,湖北,文科,442,348,44785
2019,湖北,理科,441,579,90452
2019,湖北,文科,441,346,45131
2019,湖北,理科,440,549,91001
2019,湖北,文科,440,363,45494
2019,湖北,理科,439,639,91640
2019,湖北,文科,439,362,45856
2019,湖北,理科,438,615,92255
2019,湖北,文科,438,326,46182
2019,湖北,理科,437,624,92879
2019,湖北,文科,437,354,46536
2019,湖北,理科,436,566,93445
2019,湖北,文科,436,340,46876
2019,湖北,理科,435,571,94016
2019,湖北,文科,435,329,47205
2019,湖北,理科,434,587,94603
2019,湖北,文科,434,362,47567
2019,湖北,理科,433,584,95187
2019,湖北,文科,433,353,47920
2019,湖北,理科,432,591,95778
2019,湖北,文科,432,353,48273
2019,湖北,理科,431,556,96334
2019,湖北,文科,431,384,48657
2019,湖北,理科,430,543,96877
2019,湖北,文科,430,355,49012
2019,湖北,理科,429,592,97469
2019,湖北,文科,429,369,49381
2019,湖北,理科,428,567,98036
2019,湖北,文科,428,350,49731
2019,湖北,理科,427,569,98605
2019,湖北,文科,427,375,50106
2019,湖北,理科,426,539,99144
2019,湖北,文科,426,315,50421
2019,湖北,理科,425,599,99743
2019,湖北,文科,425,335,50756
2019,湖北,理科,424,577,100320
2019,湖北,文科,424,390,51146
2019,湖北,理科,423,571,100891
2019,湖北,文科,423,346,51492
2019,湖北,理科,422,565,101456
2019,湖北,文科,422,369,51861
2019,湖北,理科,421,607,102063
2019,湖北,文科,421,322,52183
2019,湖北,理科,420,544,102607
2019,湖北,文科,420,350,52533
2019,湖北,理科,419,538,103145
2019,湖北,文科,419,358,52891
2019,湖北,理科,418,560,103705
2019,湖北,文科,418,361,53252
2019,湖北,理科,417,571,104276
2019,湖北,文科,417,328,53580
2019,湖北,理科,416,577,104853
2019,湖北,文科,416,381,53961
2019,湖北,理科,415,551,105404
2019,湖北,文科,415,343,54304
2019,湖北,理科,414,573,105977
2019,湖北,文科,414,364,54668
2019,湖北,理科,413,563,106540
2019,湖北,文科,413,340,55008
2019,湖北,理科,412,599,107139
2019,湖北,文科,412,372,55380
2019,湖北,理科,411,551,107690
2019,湖北,理科,411,551,107690
2019,湖北,理科,410,560,108250
2019,湖北,文科,410,379,56130
2019,湖北,理科,409,576,108826
2019,湖北,文科,409,350,56480
2019,湖北,理科,408,516,109342
2019,湖北,文科,408,341,56821
2019,湖北,理科,407,557,109899
2019,湖北,文科,407,370,57191
2019,湖北,理科,406,576,110475
2019,湖北,文科,406,338,57529
2019,湖北,文科,405,364,57893
2019,湖北,理科,405,539,111014
2019,湖北,理科,404,559,111573
2019,湖北,文科,404,387,58280
2019,湖北,理科,403,553,112126
2019,湖北,文科,403,379,58659
2019,湖北,理科,402,545,112671
2019,湖北,文科,402,399,59058
2019,湖北,文科,401,312,59370
2019,湖北,理科,401,547,113218
2019,湖北,理科,400,554,113772
2019,湖北,文科,400,364,59734
2019,湖北,理科,399,509,114281
2019,湖北,文科,399,373,60107
2019,湖北,理科,398,554,114835
2019,湖北,文科,398,344,60451
2019,湖北,文科,397,354,60805
2019,湖北,理科,397,540,115375
2019,湖北,理科,396,508,115883
2019,湖北,文科,396,330,61135
2019,湖北,理科,395,512,116395
2019,湖北,文科,395,348,61483
2019,湖北,理科,394,549,116944
2019,湖北,文科,394,332,61815
2019,湖北,文科,393,319,62134
2019,湖北,理科,393,557,117501
2019,湖北,理科,392,507,118008
2019,湖北,文科,392,341,62475
2019,湖北,理科,391,574,118582
2019,湖北,文科,391,338,62813
2019,湖北,文科,390,335,63148
2019,湖北,理科,390,577,119159
2019,湖北,理科,389,546,119705
2019,湖北,文科,389,333,63481
2019,湖北,文科,388,356,63837
2019,湖北,理科,388,564,120269
2019,湖北,理科,387,573,120842
2019,湖北,文科,387,353,64190
2019,湖北,理科,386,540,121382
2019,湖北,文科,386,366,64556
2019,湖北,理科,385,511,121893
2019,湖北,文科,385,333,64889
2019,湖北,理科,384,536,122429
2019,湖北,文科,384,367,65256
2019,湖北,理科,383,507,122936
2019,湖北,文科,383,333,65589
2019,湖北,文科,382,383,65972
2019,湖北,理科,382,540,123476
2019,湖北,理科,381,481,123957
2019,湖北,文科,381,362,66334
2019,湖北,文科,380,368,66702
2019,湖北,理科,380,461,124418
2019,湖北,理科,379,521,124939
2019,湖北,文科,379,316,67018
2019,湖北,文科,378,337,67355
2019,湖北,理科,378,488,125427
2019,湖北,理科,377,565,125992
2019,湖北,文科,377,343,67698
2019,湖北,文科,376,342,68040
2019,湖北,理科,376,533,126525
2019,湖北,理科,375,504,127029
2019,湖北,文科,375,352,68392
2019,湖北,文科,374,344,68736
2019,湖北,理科,374,542,127571
2019,湖北,理科,373,519,128090
2019,湖北,文科,373,341,69077
2019,湖北,理科,372,484,128574
2019,湖北,文科,372,349,69426
2019,湖北,文科,371,352,69778
2019,湖北,理科,371,511,129085
2019,湖北,理科,370,529,129614
2019,湖北,文科,370,372,70150
2019,湖北,文科,369,338,70488
2019,湖北,理科,369,472,130086
2019,湖北,理科,368,488,130574
2019,湖北,文科,368,354,70842
2019,湖北,文科,367,340,71182
2019,湖北,理科,367,489,131063
2019,湖北,理科,366,466,131529
2019,湖北,文科,366,351,71533
2019,湖北,文科,365,336,71869
2019,湖北,理科,365,486,132015
2019,湖北,理科,364,446,132461
2019,湖北,文科,364,341,72210
2019,湖北,文科,363,369,72579
2019,湖北,理科,363,502,132963
2019,湖北,理科,362,490,133453
2019,湖北,文科,362,356,72935
2019,湖北,文科,361,362,73297
2019,湖北,理科,361,485,133938
2019,湖北,理科,360,523,134461
2019,湖北,文科,360,353,73650
2019,湖北,文科,359,336,73986
2019,湖北,理科,359,476,134937
2019,湖北,理科,358,448,135385
2019,湖北,文科,358,348,74334
2019,湖北,文科,357,337,74671
2019,湖北,理科,357,457,135842
2019,湖北,理科,356,414,136256
2019,湖北,文科,356,350,75021
2019,湖北,文科,355,324,75345
2019,湖北,理科,355,460,136716
2019,湖北,理科,354,467,137183
2019,湖北,文科,354,320,75665
2019,湖北,文科,353,344,76009
2019,湖北,理科,353,415,137598
2019,湖北,文科,352,362,76371
2019,湖北,理科,352,418,138016
2019,湖北,理科,351,454,138470
2019,湖北,理科,351,454,138470
2019,湖北,理科,350,433,138903
2019,湖北,文科,350,343,77074
2019,湖北,文科,349,381,77455
2019,湖北,理科,349,477,139380
2019,湖北,理科,348,413,139793
2019,湖北,文科,348,330,77785
2019,湖北,文科,347,335,78120
2019,湖北,理科,347,455,140248
2019,湖北,理科,346,408,140656
2019,湖北,文科,346,331,78451
2019,湖北,文科,345,327,78778
2019,湖北,理科,345,418,141074
2019,湖北,理科,344,458,141532
2019,湖北,文科,344,328,79106
2019,湖北,文科,343,352,79458
2019,湖北,理科,343,454,141986
2019,湖北,理科,342,424,142410
2019,湖北,文科,342,326,79784
2019,湖北,文科,341,332,80116
2019,湖北,理科,341,439,142849
2019,湖北,文科,340,370,80486
2019,湖北,理科,340,454,143303
2019,湖北,理科,339,430,143733
2019,湖北,文科,339,331,80817
2019,湖北,文科,338,321,81138
2019,湖北,理科,338,406,144139
2019,湖北,理科,337,434,144573
2019,湖北,文科,337,316,81454
2019,湖北,文科,336,351,81805
2019,湖北,理科,336,415,144988
2019,湖北,理科,335,418,145406
2019,湖北,文科,335,309,82114
2019,湖北,文科,334,354,82468
2019,湖北,理科,334,383,145789
2019,湖北,理科,333,424,146213
2019,湖北,文科,333,317,82785
2019,湖北,理科,332,396,146609
2019,湖北,文科,332,313,83098
2019,湖北,文科,331,286,83384
2019,湖北,理科,331,402,147011
2019,湖北,文科,330,300,83684
2019,湖北,理科,330,395,147406
2019,湖北,文科,329,354,84038
2019,湖北,理科,329,376,147782
2019,湖北,文科,328,307,84345
2019,湖北,理科,328,375,148157
2019,湖北,文科,327,304,84649
2019,湖北,理科,327,401,148558
2019,湖北,文科,326,331,84980
2019,湖北,理科,326,386,148944
2019,湖北,文科,325,321,85301
2019,湖北,理科,325,395,149339
2019,湖北,文科,324,314,85615
2019,湖北,理科,324,389,149728
2019,湖北,文科,323,325,85940
2019,湖北,理科,323,382,150110
2019,湖北,文科,322,271,86211
2019,湖北,理科,322,402,150512
2019,湖北,文科,321,287,86498
2019,湖北,理科,321,353,150865
2019,湖北,文科,320,312,86810
2019,湖北,理科,320,366,151231
2019,湖北,文科,319,296,87106
2019,湖北,理科,319,378,151609
2019,湖北,文科,318,282,87388
2019,湖北,理科,318,400,152009
2019,湖北,文科,317,280,87668
2019,湖北,理科,317,417,152426
2019,湖北,文科,316,283,87951
2019,湖北,理科,316,363,152789
2019,湖北,文科,315,285,88236
2019,湖北,理科,315,409,153198
2019,湖北,文科,314,265,88501
2019,湖北,理科,314,383,153581
2019,湖北,文科,313,260,88761
2019,湖北,理科,313,352,153933
2019,湖北,文科,312,322,89083
2019,湖北,理科,312,356,154289
2019,湖北,文科,311,281,89364
2019,湖北,理科,311,329,154618
2019,湖北,文科,310,268,89632
2019,湖北,理科,310,366,154984
2019,湖北,文科,309,289,89921
2019,湖北,理科,309,386,155370
2019,湖北,文科,308,267,90188
2019,湖北,理科,308,337,155707
2019,湖北,文科,307,259,90447
2019,湖北,理科,307,403,156110
2019,湖北,文科,306,252,90699
2019,湖北,理科,306,372,156482
2019,湖北,文科,305,272,90971
2019,湖北,理科,305,348,156830
2019,湖北,文科,304,310,91281
2019,湖北,理科,304,358,157188
2019,湖北,文科,303,276,91557
2019,湖北,理科,303,330,157518
2019,湖北,文科,302,279,91836
2019,湖北,理科,302,345,157863
2019,湖北,文科,301,279,92115
2019,湖北,理科,301,359,158222
2019,湖北,文科,300,249,92364
2019,湖北,理科,300,388,158610
2019,湖北,文科,299,253,92617
2019,湖北,理科,299,378,158988
2019,湖北,文科,298,267,92884
2019,湖北,理科,298,385,159373
2019,湖北,文科,297,265,93149
2019,湖北,理科,297,347,159720
2019,湖北,文科,296,273,93422
2019,湖北,理科,296,341,160061
2019,湖北,文科,295,276,93698
2019,湖北,理科,295,339,160400
2019,湖北,文科,294,241,93939
2019,湖北,理科,294,328,160728
2019,湖北,文科,293,256,94195
2019,湖北,理科,293,362,161090
2019,湖北,文科,292,269,94464
2019,湖北,理科,292,370,161460
2019,湖北,文科,291,257,94721
2019,湖北,理科,291,336,161796
2019,湖北,文科,290,239,94960
2019,湖北,理科,290,312,162108
2019,湖北,文科,289,251,95211
2019,湖北,理科,289,332,162440
2019,湖北,文科,288,247,95458
2019,湖北,理科,288,315,162755
2019,湖北,文科,287,228,95686
2019,湖北,理科,287,339,163094
2019,湖北,文科,286,244,95930
2019,湖北,理科,286,346,163440
2019,湖北,文科,285,242,96172
2019,湖北,理科,285,363,163803
2019,湖北,文科,284,236,96408
2019,湖北,理科,284,345,164148
2019,湖北,文科,283,265,96673
2019,湖北,理科,283,333,164481
2019,湖北,文科,282,249,96922
2019,湖北,理科,282,298,164779
2019,湖北,文科,281,270,97192
2019,湖北,理科,281,337,165116
2019,湖北,文科,280,207,97399
2019,湖北,理科,280,307,165423
2019,湖北,文科,279,205,97604
2019,湖北,理科,279,292,165715
2019,湖北,文科,278,225,97829
2019,湖北,理科,278,295,166010
2019,湖北,文科,277,218,98047
2019,湖北,理科,277,315,166325
2019,湖北,文科,276,212,98259
2019,湖北,理科,276,308,166633
2019,湖北,文科,275,191,98450
2019,湖北,理科,275,323,166956
2019,湖北,文科,274,223,98673
2019,湖北,理科,274,333,167289
2019,湖北,文科,273,221,98894
2019,湖北,理科,273,325,167614
2019,湖北,文科,272,225,99119
2019,湖北,理科,272,285,167899
2019,湖北,文科,271,207,99326
2019,湖北,理科,271,289,168188
2019,湖北,文科,270,200,99526
2019,湖北,理科,270,324,168512
2019,湖北,文科,269,191,99717
2019,湖北,理科,269,277,168789
2019,湖北,文科,268,206,99923
2019,湖北,理科,268,277,169066
2019,湖北,文科,267,211,100134
2019,湖北,理科,267,300,169366
2019,湖北,文科,266,202,100336
2019,湖北,理科,266,281,169647
2019,湖北,文科,265,215,100551
2019,湖北,理科,265,289,169936
2019,湖北,文科,264,193,100744
2019,湖北,理科,264,293,170229
2019,湖北,文科,263,172,100916
2019,湖北,理科,263,294,170523
2019,湖北,文科,262,180,101096
2019,湖北,理科,262,274,170797
2019,湖北,文科,261,174,101270
2019,湖北,理科,261,285,171082
2019,湖北,文科,260,187,101457
2019,湖北,理科,260,287,171369
2019,湖北,文科,259,190,101647
2019,湖北,理科,259,264,171633
2019,湖北,文科,258,197,101844
2019,湖北,理科,258,306,171939
2019,湖北,文科,257,189,102033
2019,湖北,理科,257,280,172219
2019,湖北,文科,256,190,102223
2019,湖北,理科,256,267,172486
2019,湖北,文科,255,190,102413
2019,湖北,理科,255,255,172741
2019,湖北,文科,254,169,102582
2019,湖北,理科,254,266,173007
2019,湖北,文科,253,161,102743
2019,湖北,理科,253,284,173291
2019,湖北,文科,252,170,102913
2019,湖北,理科,252,257,173548
2019,湖北,文科,251,144,103057
2019,湖北,理科,251,292,173840
2019,湖北,文科,250,152,103209
2019,湖北,理科,250,264,174104
2019,湖北,文科,249,149,103358
2019,湖北,理科,249,223,174327
2019,湖北,文科,248,134,103492
2019,湖北,理科,248,257,174584
2019,湖北,文科,247,176,103668
2019,湖北,理科,247,242,174826
2019,湖北,文科,246,164,103832
2019,湖北,理科,246,269,175095
2019,湖北,文科,245,137,103969
2019,湖北,理科,245,232,175327
2019,湖北,文科,244,138,104107
2019,湖北,理科,244,265,175592
2019,湖北,文科,243,158,104265
2019,湖北,理科,243,220,175812
2019,湖北,文科,242,141,104406
2019,湖北,理科,242,237,176049
2019,湖北,文科,241,135,104541
2019,湖北,理科,241,239,176288
2019,湖北,文科,240,133,104674
2019,湖北,理科,240,233,176521
2019,湖北,文科,239,118,104792
2019,湖北,理科,239,227,176748
2019,湖北,文科,238,136,104928
2019,湖北,理科,238,218,176966
2019,湖北,文科,237,149,105077
2019,湖北,理科,237,240,177206
2019,湖北,文科,236,119,105196
2019,湖北,理科,236,243,177449
2019,湖北,文科,235,142,105338
2019,湖北,理科,235,238,177687
2019,湖北,文科,234,137,105475
2019,湖北,理科,234,213,177900
2019,湖北,文科,233,113,105588
2019,湖北,理科,233,233,178133
2019,湖北,文科,232,109,105697
2019,湖北,理科,232,217,178350
2019,湖北,文科,231,131,105828
2019,湖北,理科,231,200,178550
2019,湖北,文科,230,113,105941
2019,湖北,理科,230,207,178757
2019,湖北,文科,229,105,106046
2019,湖北,理科,229,209,178966
2019,湖北,文科,228,119,106165
2019,湖北,理科,228,192,179158
2019,湖北,文科,227,132,106297
2019,湖北,理科,227,234,179392
2019,湖北,文科,226,117,106414
2019,湖北,理科,226,197,179589
2019,湖北,文科,225,132,106546
2019,湖北,理科,225,206,179795
2019,湖北,文科,224,104,106650
2019,湖北,理科,224,198,179993
2019,湖北,文科,223,104,106754
2019,湖北,理科,223,181,180174
2019,湖北,文科,222,106,106860
2019,湖北,理科,222,196,180370
2019,湖北,文科,221,108,106968
2019,湖北,理科,221,202,180572
2019,湖北,文科,220,113,107081
2019,湖北,理科,220,189,180761
2019,湖北,文科,219,103,107184
2019,湖北,理科,219,184,180945
2019,湖北,文科,218,97,107281
2019,湖北,理科,218,174,181119
2019,湖北,文科,217,99,107380
2019,湖北,理科,217,184,181303
2019,湖北,文科,216,133,107513
2019,湖北,理科,216,164,181467
2019,湖北,文科,215,89,107602
2019,湖北,理科,215,172,181639
2019,湖北,文科,214,86,107688
2019,湖北,理科,214,187,181826
2019,湖北,文科,213,79,107767
2019,湖北,理科,213,184,182010
2019,湖北,文科,212,93,107860
2019,湖北,理科,212,177,182187
2019,湖北,文科,211,109,107969
2019,湖北,理科,211,163,182350
2019,湖北,文科,210,84,108053
2019,湖北,理科,210,175,182525
2019,湖北,文科,209,89,108142
2019,湖北,理科,209,161,182686
2019,湖北,文科,208,74,108216
2019,湖北,理科,208,149,182835
2019,湖北,文科,207,74,108290
2019,湖北,理科,207,166,183001
2019,湖北,文科,206,67,108357
2019,湖北,理科,206,159,183160
2019,湖北,文科,205,87,108444
2019,湖北,理科,205,172,183332
2019,湖北,文科,204,86,108530
2019,湖北,理科,204,105,183437
2019,湖北,文科,203,63,108593
2019,湖北,理科,203,150,183587
2019,湖北,文科,202,70,108663
2019,湖北,理科,202,148,183735
2019,湖北,文科,201,85,108748
2019,湖北,理科,201,140,183875
2019,湖北,文科,200,67,108815
2019,湖北,理科,200,131,184006
2019,湖北,文科,199,76,108891
2019,湖北,理科,199,135,184141
2019,湖北,文科,198,73,108964
2019,湖北,理科,198,129,184270
2019,湖北,文科,197,58,109022
2019,湖北,理科,197,115,184385
2019,湖北,文科,196,58,109080
2019,湖北,理科,196,114,184499
2019,湖北,文科,195,51,109131
2019,湖北,理科,195,128,184627
2019,湖北,文科,194,50,109181
2019,湖北,理科,194,105,184732
2019,湖北,文科,193,70,109251
2019,湖北,理科,193,116,184848
2019,湖北,文科,192,66,109317
2019,湖北,理科,192,92,184940
2019,湖北,文科,191,61,109378
2019,湖北,理科,191,91,185031
2019,湖北,文科,190,59,109437
2019,湖北,理科,190,116,185147
2019,湖北,文科,189,47,109484
2019,湖北,理科,189,109,185256
2019,湖北,文科,188,39,109523
2019,湖北,理科,188,102,185358
2019,湖北,文科,187,44,109567
2019,湖北,理科,187,109,185467
2019,湖北,文科,186,47,109614
2019,湖北,理科,186,106,185573
2019,湖北,文科,185,49,109663
2019,湖北,理科,185,93,185666
2019,湖北,文科,184,51,109714
2019,湖北,理科,184,92,185758
2019,湖北,文科,183,48,109762
2019,湖北,理科,183,86,185844
2019,湖北,文科,182,40,109802
2019,湖北,理科,182,86,185930
2019,湖北,文科,181,41,109843
2019,湖北,理科,181,104,186034
2019,湖北,文科,180,51,109894
2019,湖北,理科,180,77,186111
2019,湖北,文科,179,43,109937
2019,湖北,理科,179,74,186185
2019,湖北,文科,178,50,109987
2019,湖北,理科,178,62,186247
2019,湖北,文科,177,39,110026
2019,湖北,理科,177,75,186322
2019,湖北,文科,176,36,110062
2019,湖北,理科,176,72,186394
2019,湖北,文科,175,29,110091
2019,湖北,理科,175,55,186449
2019,湖北,文科,174,38,110129
2019,湖北,理科,174,51,186500
2019,湖北,文科,173,38,110167
2019,湖北,理科,173,56,186556
2019,湖北,文科,172,24,110191
2019,湖北,理科,172,55,186611
2019,湖北,文科,171,39,110230
2019,湖北,理科,171,53,186664
2019,湖北,文科,170,28,110258
2019,湖北,理科,170,51,186715
2019,湖北,文科,169,33,110291
2019,湖北,理科,169,54,186769
2019,湖北,文科,168,27,110318
2019,湖北,理科,168,65,186834
2019,湖北,文科,167,27,110345
2019,湖北,理科,167,48,186882
2019,湖北,文科,166,25,110370
2019,湖北,理科,166,56,186938
2019,湖北,文科,165,25,110395
2019,湖北,理科,165,57,186995
2019,湖北,文科,164,39,110434
2019,湖北,理科,164,45,187040
2019,湖北,文科,163,38,110472
2019,湖北,理科,163,31,187071
2019,湖北,文科,162,22,110494
2019,湖北,理科,162,42,187113
2019,湖北,文科,161,22,110516
2019,湖北,理科,161,45,187158
2019,湖北,文科,160,25,110541
2019,湖北,理科,160,36,187194
2019,湖北,文科,159,20,110561
2019,湖北,理科,159,33,187227
2019,湖北,文科,158,21,110582
2019,湖北,理科,158,37,187264
2019,湖北,文科,157,25,110607
2019,湖北,理科,157,42,187306
2019,湖北,文科,156,25,110632
2019,湖北,理科,156,26,187332
2019,湖北,文科,155,14,110646
2019,湖北,理科,155,29,187361
2019,湖北,文科,154,20,110666
2019,湖北,理科,154,29,187390
2019,湖北,文科,153,17,110683
2019,湖北,理科,153,24,187414
2019,湖北,文科,152,19,110702
2019,湖北,理科,152,21,187435
2019,湖北,文科,151,23,110725
2019,湖北,理科,151,28,187463
2019,湖北,文科,150,16,110741
2019,湖北,理科,150,29,187492
2018,湖北,理科,693分及以上,54,54
2018,湖北,理科,692,10,64
2018,湖北,理科,691,8,72
2018,湖北,理科,690,14,86
2018,湖北,理科,689,12,98
2018,湖北,理科,688,9,107
2018,湖北,理科,687,17,124
2018,湖北,理科,686,26,150
2018,湖北,理科,685,19,169
2018,湖北,理科,684,23,192
2018,湖北,理科,683,23,215
2018,湖北,理科,682,19,234
2018,湖北,理科,681,28,262
2018,湖北,理科,680,24,286
2018,湖北,理科,679,27,313
2018,湖北,理科,678,30,343
2018,湖北,理科,677,30,373
2018,湖北,理科,676,37,410
2018,湖北,理科,675,38,448
2018,湖北,理科,674,45,493
2018,湖北,理科,674,45,493
2018,湖北,理科,673,26,519
2018,湖北,文科,673,4,15
2018,湖北,理科,672,62,581
2018,湖北,文科,672,6,21
2018,湖北,理科,671,43,624
2018,湖北,文科,671,4,25
2018,湖北,理科,670,49,673
2018,湖北,文科,670,3,28
2018,湖北,理科,669,69,742
2018,湖北,文科,669,2,30
2018,湖北,文科,668,3,33
2018,湖北,理科,668,68,810
2018,湖北,文科,667,10,43
2018,湖北,理科,667,80,890
2018,湖北,文科,666,4,47
2018,湖北,理科,666,66,956
2018,湖北,文科,665,7,54
2018,湖北,理科,665,83,1039
2018,湖北,文科,664,8,62
2018,湖北,理科,664,55,1094
2018,湖北,文科,663,6,68
2018,湖北,理科,663,64,1158
2018,湖北,文科,662,11,79
2018,湖北,理科,662,80,1238
2018,湖北,理科,661,77,1315
2018,湖北,文科,661,11,90
2018,湖北,理科,660,109,1424
2018,湖北,文科,660,13,103
2018,湖北,文科,659,17,120
2018,湖北,理科,659,95,1519
2018,湖北,理科,658,105,1624
2018,湖北,文科,658,18,138
2018,湖北,文科,657,17,155
2018,湖北,理科,657,90,1714
2018,湖北,文科,656,19,174
2018,湖北,理科,656,98,1812
2018,湖北,文科,655,16,190
2018,湖北,理科,655,99,1911
2018,湖北,文科,654,27,217
2018,湖北,理科,654,97,2008
2018,湖北,理科,653,113,2121
2018,湖北,文科,653,21,238
2018,湖北,文科,652,31,269
2018,湖北,理科,652,136,2257
2018,湖北,文科,651,25,294
2018,湖北,理科,651,110,2367
2018,湖北,理科,650,110,2477
2018,湖北,文科,650,29,323
2018,湖北,理科,649,136,2613
2018,湖北,文科,649,25,348
2018,湖北,理科,648,141,2754
2018,湖北,文科,648,27,375
2018,湖北,文科,647,32,407
2018,湖北,理科,647,153,2907
2018,湖北,理科,646,128,3035
2018,湖北,文科,646,31,438
2018,湖北,文科,645,45,483
2018,湖北,理科,645,163,3198
2018,湖北,理科,644,154,3352
2018,湖北,文科,644,48,531
2018,湖北,理科,643,136,3488
2018,湖北,文科,643,36,567
2018,湖北,理科,642,145,3633
2018,湖北,文科,642,47,614
2018,湖北,理科,641,166,3799
2018,湖北,文科,641,37,651
2018,湖北,理科,640,168,3967
2018,湖北,文科,640,38,689
2018,湖北,理科,639,145,4112
2018,湖北,文科,639,53,742
2018,湖北,理科,638,174,4286
2018,湖北,文科,638,61,803
2018,湖北,理科,637,158,4444
2018,湖北,文科,637,55,858
2018,湖北,理科,636,175,4619
2018,湖北,文科,636,66,924
2018,湖北,理科,635,158,4777
2018,湖北,文科,635,62,986
2018,湖北,理科,634,178,4955
2018,湖北,理科,634,178,4955
2018,湖北,理科,633,181,5136
2018,湖北,文科,633,63,1107
2018,湖北,理科,632,173,5309
2018,湖北,文科,632,63,1170
2018,湖北,理科,631,170,5479
2018,湖北,文科,631,63,1233
2018,湖北,理科,630,199,5678
2018,湖北,文科,630,74,1307
2018,湖北,理科,629,221,5899
2018,湖北,文科,629,92,1399
2018,湖北,理科,628,201,6100
2018,湖北,文科,628,58,1457
2018,湖北,理科,627,186,6286
2018,湖北,文科,627,69,1526
2018,湖北,理科,626,215,6501
2018,湖北,文科,626,75,1601
2018,湖北,理科,625,200,6701
2018,湖北,文科,625,84,1685
2018,湖北,理科,624,196,6897
2018,湖北,文科,624,95,1780
2018,湖北,文科,623,76,1856
2018,湖北,理科,623,216,7113
2018,湖北,理科,622,225,7338
2018,湖北,文科,622,76,1932
2018,湖北,文科,621,97,2029
2018,湖北,理科,621,213,7551
2018,湖北,理科,620,259,7810
2018,湖北,文科,620,84,2113
2018,湖北,理科,619,237,8047
2018,湖北,文科,619,100,2213
2018,湖北,文科,618,107,2320
2018,湖北,理科,618,227,8274
2018,湖北,文科,617,106,2426
2018,湖北,理科,617,251,8525
2018,湖北,理科,616,250,8775
2018,湖北,文科,616,101,2527
2018,湖北,文科,615,101,2628
2018,湖北,理科,615,233,9008
2018,湖北,理科,614,276,9284
2018,湖北,文科,614,131,2759
2018,湖北,理科,613,245,9529
2018,湖北,文科,613,121,2880
2018,湖北,理科,612,276,9805
2018,湖北,文科,612,113,2993
2018,湖北,理科,611,253,10058
2018,湖北,文科,611,94,3087
2018,湖北,理科,610,292,10350
2018,湖北,文科,610,125,3212
2018,湖北,理科,609,294,10644
2018,湖北,文科,609,130,3342
2018,湖北,理科,608,272,10916
2018,湖北,文科,608,120,3462
2018,湖北,理科,607,263,11179
2018,湖北,文科,607,143,3605
2018,湖北,理科,606,257,11436
2018,湖北,文科,606,112,3717
2018,湖北,理科,605,294,11730
2018,湖北,文科,605,154,3871
2018,湖北,理科,604,272,12002
2018,湖北,文科,604,128,3999
2018,湖北,文科,603,151,4150
2018,湖北,理科,603,283,12285
2018,湖北,理科,602,282,12567
2018,湖北,文科,602,162,4312
2018,湖北,文科,601,130,4442
2018,湖北,理科,601,283,12850
2018,湖北,理科,600,316,13166
2018,湖北,文科,600,148,4590
2018,湖北,理科,599,300,13466
2018,湖北,文科,599,140,4730
2018,湖北,理科,598,317,13783
2018,湖北,文科,598,139,4869
2018,湖北,文科,597,153,5022
2018,湖北,理科,597,359,14142
2018,湖北,理科,596,311,14453
2018,湖北,文科,596,160,5182
2018,湖北,理科,595,347,14800
2018,湖北,文科,595,163,5345
2018,湖北,理科,594,320,15120
2018,湖北,理科,594,320,15120
2018,湖北,文科,593,152,5647
2018,湖北,理科,593,327,15447
2018,湖北,文科,592,146,5793
2018,湖北,理科,592,354,15801
2018,湖北,文科,591,141,5934
2018,湖北,理科,591,335,16136
2018,湖北,文科,590,173,6107
2018,湖北,理科,590,352,16488
2018,湖北,文科,589,168,6275
2018,湖北,理科,589,378,16866
2018,湖北,文科,588,192,6467
2018,湖北,理科,588,351,17217
2018,湖北,文科,587,193,6660
2018,湖北,理科,587,324,17541
2018,湖北,文科,586,181,6841
2018,湖北,理科,586,388,17929
2018,湖北,文科,585,206,7047
2018,湖北,理科,585,361,18290
2018,湖北,文科,584,167,7214
2018,湖北,文科,584,167,7214
2018,湖北,理科,583,365,19038
2018,湖北,文科,583,190,7404
2018,湖北,理科,582,355,19393
2018,湖北,文科,582,167,7571
2018,湖北,理科,581,399,19792
2018,湖北,文科,581,178,7749
2018,湖北,理科,580,365,20157
2018,湖北,文科,580,196,7945
2018,湖北,理科,579,368,20525
2018,湖北,文科,579,195,8140
2018,湖北,理科,578,364,20889
2018,湖北,文科,578,188,8328
2018,湖北,理科,577,362,21251
2018,湖北,文科,577,194,8522
2018,湖北,理科,576,410,21661
2018,湖北,文科,576,186,8708
2018,湖北,理科,575,421,22082
2018,湖北,文科,575,203,8911
2018,湖北,理科,574,397,22479
2018,湖北,文科,574,198,9109
2018,湖北,理科,573,445,22924
2018,湖北,文科,573,198,9307
2018,湖北,理科,572,409,23333
2018,湖北,文科,572,199,9506
2018,湖北,理科,571,436,23769
2018,湖北,文科,571,204,9710
2018,湖北,理科,570,395,24164
2018,湖北,文科,570,216,9926
2018,湖北,理科,569,384,24548
2018,湖北,文科,569,212,10138
2018,湖北,理科,568,418,24966
2018,湖北,文科,568,200,10338
2018,湖北,理科,567,407,25373
2018,湖北,文科,567,212,10550
2018,湖北,理科,566,403,25776
2018,湖北,文科,566,207,10757
2018,湖北,理科,565,394,26170
2018,湖北,文科,565,223,10980
2018,湖北,理科,564,433,26603
2018,湖北,文科,564,220,11200
2018,湖北,理科,563,384,26987
2018,湖北,文科,563,222,11422
2018,湖北,理科,562,445,27432
2018,湖北,文科,562,225,11647
2018,湖北,理科,561,426,27858
2018,湖北,文科,561,218,11865
2018,湖北,理科,560,436,28294
2018,湖北,文科,560,218,12083
2018,湖北,理科,559,517,28811
2018,湖北,文科,559,198,12281
2018,湖北,理科,558,440,29251
2018,湖北,文科,558,259,12540
2018,湖北,理科,557,464,29715
2018,湖北,文科,557,235,12775
2018,湖北,理科,556,446,30161
2018,湖北,文科,556,244,13019
2018,湖北,理科,555,480,30641
2018,湖北,文科,555,219,13238
2018,湖北,理科,554,450,31091
2018,湖北,文科,554,233,13471
2018,湖北,理科,553,442,31533
2018,湖北,文科,553,241,13712
2018,湖北,理科,552,461,31994
2018,湖北,文科,552,240,13952
2018,湖北,理科,551,445,32439
2018,湖北,文科,551,256,14208
2018,湖北,文科,550,257,14465
2018,湖北,理科,550,483,32922
2018,湖北,文科,549,202,14667
2018,湖北,理科,549,448,33370
2018,湖北,理科,548,498,33868
2018,湖北,文科,548,232,14899
2018,湖北,理科,547,458,34326
2018,湖北,文科,547,234,15133
2018,湖北,理科,546,447,34773
2018,湖北,文科,546,232,15365
2018,湖北,文科,545,240,15605
2018,湖北,理科,545,460,35233
2018,湖北,理科,544,447,35680
2018,湖北,理科,544,447,35680
2018,湖北,文科,543,229,16081
2018,湖北,理科,543,483,36163
2018,湖北,理科,542,484,36647
2018,湖北,文科,542,236,16317
2018,湖北,理科,541,504,37151
2018,湖北,文科,541,270,16587
2018,湖北,文科,540,222,16809
2018,湖北,理科,540,518,37669
2018,湖北,文科,539,278,17087
2018,湖北,理科,539,465,38134
2018,湖北,理科,538,461,38595
2018,湖北,文科,538,234,17321
2018,湖北,理科,537,476,39071
2018,湖北,文科,537,263,17584
2018,湖北,文科,536,260,17844
2018,湖北,理科,536,539,39610
2018,湖北,文科,535,267,18111
2018,湖北,理科,535,523,40133
2018,湖北,理科,534,480,40613
2018,湖北,理科,534,480,40613
2018,湖北,文科,533,241,18605
2018,湖北,理科,533,484,41097
2018,湖北,文科,532,268,18873
2018,湖北,理科,532,508,41605
2018,湖北,文科,531,220,19093
2018,湖北,理科,531,461,42066
2018,湖北,文科,530,250,19343
2018,湖北,理科,530,484,42550
2018,湖北,文科,529,279,19622
2018,湖北,理科,529,492,43042
2018,湖北,文科,528,231,19853
2018,湖北,理科,528,522,43564
2018,湖北,文科,527,232,20085
2018,湖北,理科,527,523,44087
2018,湖北,文科,526,236,20321
2018,湖北,理科,526,505,44592
2018,湖北,文科,525,251,20572
2018,湖北,理科,525,497,45089
2018,湖北,文科,524,232,20804
2018,湖北,理科,524,487,45576
2018,湖北,文科,523,233,21037
2018,湖北,理科,523,479,46055
2018,湖北,文科,522,271,21308
2018,湖北,理科,522,490,46545
2018,湖北,文科,521,250,21558
2018,湖北,理科,521,519,47064
2018,湖北,文科,520,278,21836
2018,湖北,理科,520,505,47569
2018,湖北,文科,519,232,22068
2018,湖北,理科,519,550,48119
2018,湖北,文科,518,272,22340
2018,湖北,理科,518,513,48632
2018,湖北,文科,517,264,22604
2018,湖北,理科,517,507,49139
2018,湖北,文科,516,269,22873
2018,湖北,理科,516,499,49638
2018,湖北,文科,515,270,23143
2018,湖北,理科,515,495,50133
2018,湖北,文科,514,269,23412
2018,湖北,理科,514,495,50628
2018,湖北,文科,513,263,23675
2018,湖北,理科,513,476,51104
2018,湖北,文科,512,246,23921
2018,湖北,理科,512,511,51615
2018,湖北,文科,511,273,24194
2018,湖北,理科,511,562,52177
2018,湖北,理科,510,529,52706
2018,湖北,文科,510,256,24450
2018,湖北,理科,509,585,53291
2018,湖北,文科,509,254,24704
2018,湖北,理科,508,495,53786
2018,湖北,文科,508,278,24982
2018,湖北,理科,507,490,54276
2018,湖北,文科,507,242,25224
2018,湖北,理科,506,450,54726
2018,湖北,文科,506,245,25469
2018,湖北,理科,505,501,55227
2018,湖北,文科,505,266,25735
2018,湖北,理科,504,513,55740
2018,湖北,文科,504,258,25993
2018,湖北,理科,503,520,56260
2018,湖北,文科,503,257,26250
2018,湖北,理科,502,483,56743
2018,湖北,文科,502,241,26491
2018,湖北,理科,501,501,57244
2018,湖北,文科,501,249,26740
2018,湖北,理科,500,473,57717
2018,湖北,文科,500,261,27001
2018,湖北,理科,499,501,58218
2018,湖北,文科,499,261,27262
2018,湖北,理科,498,486,58704
2018,湖北,文科,498,250,27512
2018,湖北,理科,497,501,59205
2018,湖北,文科,497,260,27772
2018,湖北,理科,496,525,59730
2018,湖北,文科,496,254,28026
2018,湖北,理科,495,500,60230
2018,湖北,文科,495,279,28305
2018,湖北,理科,494,484,60714
2018,湖北,文科,494,236,28541
2018,湖北,理科,493,505,61219
2018,湖北,文科,493,289,28830
2018,湖北,理科,492,473,61692
2018,湖北,文科,492,281,29111
2018,湖北,理科,491,522,62214
2018,湖北,文科,491,289,29400
2018,湖北,理科,490,466,62680
2018,湖北,文科,490,257,29657
2018,湖北,理科,489,493,63173
2018,湖北,文科,489,274,29931
2018,湖北,理科,488,480,63653
2018,湖北,文科,488,281,30212
2018,湖北,理科,487,538,64191
2018,湖北,文科,487,239,30451
2018,湖北,理科,486,519,64710
2018,湖北,文科,486,270,30721
2018,湖北,理科,485,519,65229
2018,湖北,文科,485,304,31025
2018,湖北,理科,484,515,65744
2018,湖北,文科,484,281,31306
2018,湖北,理科,483,474,66218
2018,湖北,文科,483,273,31579
2018,湖北,理科,482,512,66730
2018,湖北,文科,482,324,31903
2018,湖北,理科,481,510,67240
2018,湖北,文科,481,291,32194
2018,湖北,理科,480,516,67756
2018,湖北,文科,480,263,32457
2018,湖北,理科,479,483,68239
2018,湖北,文科,479,296,32753
2018,湖北,理科,478,512,68751
2018,湖北,文科,478,261,33014
2018,湖北,理科,477,510,69261
2018,湖北,文科,477,302,33316
2018,湖北,理科,476,519,69780
2018,湖北,文科,476,279,33595
2018,湖北,理科,475,476,70256
2018,湖北,文科,475,304,33899
2018,湖北,理科,474,533,70789
2018,湖北,文科,474,299,34198
2018,湖北,理科,473,494,71283
2018,湖北,文科,473,287,34485
2018,湖北,理科,472,489,71772
2018,湖北,文科,472,261,34746
2018,湖北,理科,471,538,72310
2018,湖北,文科,471,288,35034
2018,湖北,理科,470,458,72768
2018,湖北,文科,470,316,35350
2018,湖北,理科,469,511,73279
2018,湖北,文科,469,325,35675
2018,湖北,理科,468,501,73780
2018,湖北,文科,468,291,35966
2018,湖北,理科,467,533,74313
2018,湖北,文科,467,308,36274
2018,湖北,理科,466,518,74831
2018,湖北,文科,466,309,36583
2018,湖北,理科,465,514,75345
2018,湖北,文科,465,299,36882
2018,湖北,理科,464,517,75862
2018,湖北,文科,464,304,37186
2018,湖北,理科,463,528,76390
2018,湖北,文科,463,301,37487
2018,湖北,理科,462,489,76879
2018,湖北,文科,462,305,37792
2018,湖北,理科,461,474,77353
2018,湖北,文科,461,276,38068
2018,湖北,理科,460,496,77849
2018,湖北,文科,460,316,38384
2018,湖北,理科,459,506,78355
2018,湖北,文科,459,280,38664
2018,湖北,理科,458,483,78838
2018,湖北,文科,458,313,38977
2018,湖北,理科,457,485,79323
2018,湖北,文科,457,282,39259
2018,湖北,理科,456,488,79811
2018,湖北,文科,456,307,39566
2018,湖北,理科,455,511,80322
2018,湖北,文科,455,286,39852
2018,湖北,理科,454,518,80840
2018,湖北,文科,454,313,40165
2018,湖北,理科,453,490,81330
2018,湖北,文科,453,255,40420
2018,湖北,理科,452,451,81781
2018,湖北,文科,452,316,40736
2018,湖北,理科,451,508,82289
2018,湖北,文科,451,261,40997
2018,湖北,理科,450,508,82797
2018,湖北,文科,450,286,41283
2018,湖北,理科,449,463,83260
2018,湖北,文科,449,344,41627
2018,湖北,理科,448,485,83745
2018,湖北,文科,448,280,41907
2018,湖北,理科,447,487,84232
2018,湖北,文科,447,332,42239
2018,湖北,理科,446,500,84732
2018,湖北,文科,446,317,42556
2018,湖北,理科,445,507,85239
2018,湖北,文科,445,297,42853
2018,湖北,理科,444,513,85752
2018,湖北,文科,444,296,43149
2018,湖北,理科,443,503,86255
2018,湖北,文科,443,305,43454
2018,湖北,理科,442,491,86746
2018,湖北,文科,442,313,43767
2018,湖北,理科,441,488,87234
2018,湖北,文科,441,259,44026
2018,湖北,理科,440,511,87745
2018,湖北,文科,440,314,44340
2018,湖北,理科,439,537,88282
2018,湖北,文科,439,306,44646
2018,湖北,理科,438,515,88797
2018,湖北,文科,438,314,44960
2018,湖北,理科,437,516,89313
2018,湖北,文科,437,302,45262
2018,湖北,理科,436,526,89839
2018,湖北,文科,436,348,45610
2018,湖北,理科,435,480,90319
2018,湖北,文科,435,292,45902
2018,湖北,理科,434,477,90796
2018,湖北,文科,434,352,46254
2018,湖北,理科,433,465,91261
2018,湖北,文科,433,312,46566
2018,湖北,理科,432,473,91734
2018,湖北,文科,432,308,46874
2018,湖北,理科,431,522,92256
2018,湖北,文科,431,331,47205
2018,湖北,理科,430,520,92776
2018,湖北,文科,430,291,47496
2018,湖北,理科,429,527,93303
2018,湖北,文科,429,315,47811
2018,湖北,理科,428,497,93800
2018,湖北,文科,428,327,48138
2018,湖北,理科,427,451,94251
2018,湖北,文科,427,331,48469
2018,湖北,理科,426,554,94805
2018,湖北,文科,426,297,48766
2018,湖北,理科,425,499,95304
2018,湖北,文科,425,320,49086
2018,湖北,理科,424,544,95848
2018,湖北,文科,424,310,49396
2018,湖北,理科,423,483,96331
2018,湖北,文科,423,330,49726
2018,湖北,理科,422,522,96853
2018,湖北,文科,422,312,50038
2018,湖北,理科,421,484,97337
2018,湖北,文科,421,316,50354
2018,湖北,理科,420,519,97856
2018,湖北,文科,420,366,50720
2018,湖北,理科,419,494,98350
2018,湖北,文科,419,348,51068
2018,湖北,理科,418,481,98831
2018,湖北,文科,418,306,51374
2018,湖北,理科,417,496,99327
2018,湖北,文科,417,313,51687
2018,湖北,理科,416,502,99829
2018,湖北,文科,416,311,51998
2018,湖北,理科,415,430,100259
2018,湖北,文科,415,321,52319
2018,湖北,理科,414,523,100782
2018,湖北,文科,414,338,52657
2018,湖北,理科,413,520,101302
2018,湖北,文科,413,328,52985
2018,湖北,理科,412,512,101814
2018,湖北,文科,412,350,53335
2018,湖北,理科,411,509,102323
2018,湖北,文科,411,341,53676
2018,湖北,文科,410,363,54039
2018,湖北,理科,410,495,102818
2018,湖北,理科,409,458,103276
2018,湖北,文科,409,323,54362
2018,湖北,理科,408,516,103792
2018,湖北,文科,408,370,54732
2018,湖北,理科,407,496,104288
2018,湖北,文科,407,338,55070
2018,湖北,理科,406,496,104784
2018,湖北,文科,406,344,55414
2018,湖北,理科,405,472,105256
2018,湖北,文科,405,310,55724
2018,湖北,理科,404,548,105804
2018,湖北,文科,404,301,56025
2018,湖北,理科,403,472,106276
2018,湖北,文科,403,327,56352
2018,湖北,文科,402,330,56682
2018,湖北,理科,402,499,106775
2018,湖北,理科,401,476,107251
2018,湖北,文科,401,344,57026
2018,湖北,理科,400,519,107770
2018,湖北,文科,400,361,57387
2018,湖北,理科,399,475,108245
2018,湖北,文科,399,358,57745
2018,湖北,文科,398,318,58063
2018,湖北,理科,398,493,108738
2018,湖北,理科,397,508,109246
2018,湖北,文科,397,337,58400
2018,湖北,理科,396,476,109722
2018,湖北,文科,396,308,58708
2018,湖北,理科,395,499,110221
2018,湖北,文科,395,334,59042
2018,湖北,文科,394,350,59392
2018,湖北,理科,394,536,110757
2018,湖北,理科,393,462,111219
2018,湖北,文科,393,331,59723
2018,湖北,理科,392,496,111715
2018,湖北,文科,392,329,60052
2018,湖北,理科,391,504,112219
2018,湖北,文科,391,332,60384
2018,湖北,文科,390,314,60698
2018,湖北,理科,390,497,112716
2018,湖北,理科,389,497,113213
2018,湖北,文科,389,339,61037
2018,湖北,理科,388,515,113728
2018,湖北,文科,388,351,61388
2018,湖北,文科,387,304,61692
2018,湖北,理科,387,488,114216
2018,湖北,理科,386,501,114717
2018,湖北,文科,386,305,61997
2018,湖北,理科,385,520,115237
2018,湖北,文科,385,361,62358
2018,湖北,理科,384,484,115721
2018,湖北,文科,384,338,62696
2018,湖北,文科,383,337,63033
2018,湖北,理科,383,444,116165
2018,湖北,理科,382,553,116718
2018,湖北,文科,382,334,63367
2018,湖北,文科,381,351,63718
2018,湖北,理科,381,476,117194
2018,湖北,理科,380,485,117679
2018,湖北,文科,380,376,64094
2018,湖北,文科,379,364,64458
2018,湖北,理科,379,484,118163
2018,湖北,理科,378,478,118641
2018,湖北,文科,378,349,64807
2018,湖北,文科,377,337,65144
2018,湖北,理科,377,529,119170
2018,湖北,理科,376,462,119632
2018,湖北,文科,376,330,65474
2018,湖北,文科,375,347,65821
2018,湖北,理科,375,474,120106
2018,湖北,理科,374,524,120630
2018,湖北,理科,374,524,120630
2018,湖北,理科,373,497,121127
2018,湖北,文科,373,355,66520
2018,湖北,文科,372,335,66855
2018,湖北,理科,372,478,121605
2018,湖北,理科,371,474,122079
2018,湖北,文科,371,377,67232
2018,湖北,文科,370,349,67581
2018,湖北,理科,370,481,122560
2018,湖北,理科,369,505,123065
2018,湖北,文科,369,372,67953
2018,湖北,文科,368,342,68295
2018,湖北,理科,368,507,123572
2018,湖北,理科,367,452,124024
2018,湖北,文科,367,351,68646
2018,湖北,文科,366,367,69013
2018,湖北,理科,366,437,124461
2018,湖北,理科,365,460,124921
2018,湖北,文科,365,368,69381
2018,湖北,文科,364,371,69752
2018,湖北,理科,364,490,125411
2018,湖北,理科,363,461,125872
2018,湖北,文科,363,344,70096
2018,湖北,文科,362,357,70453
2018,湖北,理科,362,448,126320
2018,湖北,理科,361,450,126770
2018,湖北,文科,361,352,70805
2018,湖北,文科,360,340,71145
2018,湖北,理科,360,451,127221
2018,湖北,理科,359,450,127671
2018,湖北,文科,359,351,71496
2018,湖北,文科,358,370,71866
2018,湖北,理科,358,472,128143
2018,湖北,理科,357,448,128591
2018,湖北,文科,357,333,72199
2018,湖北,文科,356,367,72566
2018,湖北,理科,356,421,129012
2018,湖北,理科,355,466,129478
2018,湖北,文科,355,362,72928
2018,湖北,文科,354,348,73276
2018,湖北,理科,354,466,129944
2018,湖北,理科,353,405,130349
2018,湖北,文科,353,355,73631
2018,湖北,文科,352,314,73945
2018,湖北,理科,352,449,130798
2018,湖北,理科,351,466,131264
2018,湖北,文科,351,342,74287
2018,湖北,文科,350,316,74603
2018,湖北,理科,350,453,131717
2018,湖北,理科,349,434,132151
2018,湖北,文科,349,331,74934
2018,湖北,文科,348,362,75296
2018,湖北,理科,348,455,132606
2018,湖北,理科,347,418,133024
2018,湖北,文科,347,333,75629
2018,湖北,文科,346,368,75997
2018,湖北,理科,346,437,133461
2018,湖北,理科,345,453,133914
2018,湖北,文科,345,349,76346
2018,湖北,文科,344,320,76666
2018,湖北,理科,344,400,134314
2018,湖北,理科,343,444,134758
2018,湖北,文科,343,375,77041
2018,湖北,文科,342,325,77366
2018,湖北,理科,342,440,135198
2018,湖北,文科,341,330,77696
2018,湖北,理科,341,406,135604
2018,湖北,理科,340,441,136045
2018,湖北,文科,340,320,78016
2018,湖北,理科,339,403,136448
2018,湖北,文科,339,334,78350
2018,湖北,文科,338,347,78697
2018,湖北,理科,338,429,136877
2018,湖北,理科,337,446,137323
2018,湖北,文科,337,333,79030
2018,湖北,文科,336,342,79372
2018,湖北,理科,336,437,137760
2018,湖北,理科,335,416,138176
2018,湖北,文科,335,331,79703
2018,湖北,文科,334,368,80071
2018,湖北,理科,334,411,138587
2018,湖北,文科,333,323,80394
2018,湖北,理科,333,432,139019
2018,湖北,文科,332,331,80725
2018,湖北,理科,332,430,139449
2018,湖北,文科,331,352,81077
2018,湖北,理科,331,415,139864
2018,湖北,文科,330,347,81424
2018,湖北,理科,330,404,140268
2018,湖北,文科,329,321,81745
2018,湖北,理科,329,410,140678
2018,湖北,文科,328,335,82080
2018,湖北,理科,328,440,141118
2018,湖北,文科,327,320,82400
2018,湖北,理科,327,406,141524
2018,湖北,文科,326,342,82742
2018,湖北,理科,326,411,141935
2018,湖北,文科,325,301,83043
2018,湖北,理科,325,401,142336
2018,湖北,文科,324,325,83368
2018,湖北,理科,324,413,142749
2018,湖北,文科,323,340,83708
2018,湖北,理科,323,425,143174
2018,湖北,文科,322,327,84035
2018,湖北,理科,322,437,143611
2018,湖北,文科,321,296,84331
2018,湖北,理科,321,391,144002
2018,湖北,文科,320,315,84646
2018,湖北,理科,320,403,144405
2018,湖北,文科,319,343,84989
2018,湖北,理科,319,409,144814
2018,湖北,文科,318,288,85277
2018,湖北,理科,318,389,145203
2018,湖北,文科,317,321,85598
2018,湖北,理科,317,402,145605
2018,湖北,文科,316,291,85889
2018,湖北,理科,316,424,146029
2018,湖北,文科,315,316,86205
2018,湖北,理科,315,408,146437
2018,湖北,文科,314,311,86516
2018,湖北,理科,314,368,146805
2018,湖北,文科,313,287,86803
2018,湖北,理科,313,385,147190
2018,湖北,文科,312,332,87135
2018,湖北,理科,312,365,147555
2018,湖北,文科,311,327,87462
2018,湖北,理科,311,373,147928
2018,湖北,文科,310,317,87779
2018,湖北,理科,310,360,148288
2018,湖北,文科,309,303,88082
2018,湖北,理科,309,401,148689
2018,湖北,文科,308,329,88411
2018,湖北,理科,308,343,149032
2018,湖北,文科,307,284,88695
2018,湖北,理科,307,368,149400
2018,湖北,文科,306,319,89014
2018,湖北,理科,306,390,149790
2018,湖北,文科,305,293,89307
2018,湖北,理科,305,374,150164
2018,湖北,文科,304,297,89604
2018,湖北,理科,304,355,150519
2018,湖北,文科,303,315,89919
2018,湖北,理科,303,407,150926
2018,湖北,文科,302,279,90198
2018,湖北,理科,302,359,151285
2018,湖北,文科,301,279,90477
2018,湖北,理科,301,358,151643
2018,湖北,文科,300,306,90783
2018,湖北,理科,300,376,152019
2018,湖北,文科,299,303,91086
2018,湖北,理科,299,384,152403
2018,湖北,文科,298,329,91415
2018,湖北,理科,298,358,152761
2018,湖北,文科,297,288,91703
2018,湖北,理科,297,340,153101
2018,湖北,文科,296,286,91989
2018,湖北,理科,296,354,153455
2018,湖北,文科,295,297,92286
2018,湖北,理科,295,351,153806
2018,湖北,文科,294,291,92577
2018,湖北,理科,294,340,154146
2018,湖北,文科,293,273,92850
2018,湖北,理科,293,347,154493
2018,湖北,文科,292,278,93128
2018,湖北,理科,292,350,154843
2018,湖北,文科,291,309,93437
2018,湖北,理科,291,364,155207
2018,湖北,文科,290,263,93700
2018,湖北,理科,290,365,155572
2018,湖北,文科,289,274,93974
2018,湖北,理科,289,341,155913
2018,湖北,文科,288,275,94249
2018,湖北,理科,288,336,156249
2018,湖北,文科,287,273,94522
2018,湖北,理科,287,381,156630
2018,湖北,文科,286,283,94805
2018,湖北,理科,286,356,156986
2018,湖北,文科,285,261,95066
2018,湖北,理科,285,350,157336
2018,湖北,文科,284,250,95316
2018,湖北,理科,284,349,157685
2018,湖北,文科,283,254,95570
2018,湖北,理科,283,349,158034
2018,湖北,文科,282,258,95828
2018,湖北,理科,282,304,158338
2018,湖北,文科,281,254,96082
2018,湖北,理科,281,312,158650
2018,湖北,文科,280,283,96365
2018,湖北,理科,280,312,158962
2018,湖北,文科,279,284,96649
2018,湖北,理科,279,350,159312
2018,湖北,文科,278,257,96906
2018,湖北,理科,278,335,159647
2018,湖北,文科,277,270,97176
2018,湖北,理科,277,336,159983
2018,湖北,文科,276,239,97415
2018,湖北,理科,276,341,160324
2018,湖北,文科,275,238,97653
2018,湖北,理科,275,316,160640
2018,湖北,文科,274,250,97903
2018,湖北,理科,274,354,160994
2018,湖北,文科,273,264,98167
2018,湖北,理科,273,355,161349
2018,湖北,文科,272,246,98413
2018,湖北,理科,272,332,161681
2018,湖北,文科,271,242,98655
2018,湖北,理科,271,317,161998
2018,湖北,文科,270,231,98886
2018,湖北,理科,270,330,162328
2018,湖北,文科,269,214,99100
2018,湖北,理科,269,307,162635
2018,湖北,文科,268,243,99343
2018,湖北,理科,268,333,162968
2018,湖北,文科,267,203,99546
2018,湖北,理科,267,305,163273
2018,湖北,文科,266,195,99741
2018,湖北,理科,266,344,163617
2018,湖北,文科,265,243,99984
2018,湖北,理科,265,308,163925
2018,湖北,文科,264,206,100190
2018,湖北,理科,264,303,164228
2018,湖北,文科,263,216,100406
2018,湖北,理科,263,270,164498
2018,湖北,文科,262,211,100617
2018,湖北,理科,262,304,164802
2018,湖北,文科,261,224,100841
2018,湖北,理科,261,301,165103
2018,湖北,文科,260,208,101049
2018,湖北,理科,260,290,165393
2018,湖北,文科,259,209,101258
2018,湖北,理科,259,318,165711
2018,湖北,文科,258,216,101474
2018,湖北,理科,258,273,165984
2018,湖北,文科,257,209,101683
2018,湖北,理科,257,303,166287
2018,湖北,文科,256,212,101895
2018,湖北,理科,256,305,166592
2018,湖北,文科,255,197,102092
2018,湖北,理科,255,298,166890
2018,湖北,文科,254,190,102282
2018,湖北,理科,254,311,167201
2018,湖北,文科,253,230,102512
2018,湖北,理科,253,276,167477
2018,湖北,文科,252,206,102718
2018,湖北,理科,252,293,167770
2018,湖北,文科,251,194,102912
2018,湖北,理科,251,304,168074
2018,湖北,文科,250,202,103114
2018,湖北,理科,250,313,168387
2018,湖北,文科,249,193,103307
2018,湖北,理科,249,269,168656
2018,湖北,文科,248,193,103500
2018,湖北,理科,248,284,168940
2018,湖北,文科,247,191,103691
2018,湖北,理科,247,306,169246
2018,湖北,文科,246,182,103873
2018,湖北,理科,246,269,169515
2018,湖北,文科,245,172,104045
2018,湖北,理科,245,260,169775
2018,湖北,文科,244,181,104226
2018,湖北,理科,244,295,170070
2018,湖北,文科,243,201,104427
2018,湖北,理科,243,267,170337
2018,湖北,文科,242,173,104600
2018,湖北,理科,242,298,170635
2018,湖北,文科,241,170,104770
2018,湖北,理科,241,264,170899
2018,湖北,文科,240,185,104955
2018,湖北,理科,240,253,171152
2018,湖北,文科,239,190,105145
2018,湖北,理科,239,266,171418
2018,湖北,文科,238,153,105298
2018,湖北,理科,238,261,171679
2018,湖北,文科,237,169,105467
2018,湖北,理科,237,247,171926
2018,湖北,文科,236,172,105639
2018,湖北,理科,236,259,172185
2018,湖北,文科,235,175,105814
2018,湖北,理科,235,239,172424
2018,湖北,文科,234,150,105964
2018,湖北,理科,234,232,172656
2018,湖北,文科,233,157,106121
2018,湖北,理科,233,266,172922
2018,湖北,文科,232,135,106256
2018,湖北,理科,232,237,173159
2018,湖北,文科,231,155,106411
2018,湖北,理科,231,209,173368
2018,湖北,文科,230,138,106549
2018,湖北,理科,230,251,173619
2018,湖北,文科,229,135,106684
2018,湖北,理科,229,207,173826
2018,湖北,文科,228,146,106830
2018,湖北,理科,228,219,174045
2018,湖北,文科,227,141,106971
2018,湖北,理科,227,232,174277
2018,湖北,文科,226,135,107106
2018,湖北,理科,226,232,174509
2018,湖北,文科,225,139,107245
2018,湖北,理科,225,220,174729
2018,湖北,文科,224,144,107389
2018,湖北,理科,224,217,174946
2018,湖北,文科,223,135,107524
2018,湖北,理科,223,201,175147
2018,湖北,文科,222,114,107638
2018,湖北,理科,222,193,175340
2018,湖北,文科,221,134,107772
2018,湖北,理科,221,220,175560
2018,湖北,文科,220,111,107883
2018,湖北,理科,220,185,175745
2018,湖北,文科,219,124,108007
2018,湖北,理科,219,211,175956
2018,湖北,文科,218,89,108096
2018,湖北,理科,218,202,176158
2018,湖北,文科,217,101,108197
2018,湖北,理科,217,198,176356
2018,湖北,文科,216,107,108304
2018,湖北,理科,216,181,176537
2018,湖北,文科,215,106,108410
2018,湖北,理科,215,198,176735
2018,湖北,文科,214,123,108533
2018,湖北,理科,214,186,176921
2018,湖北,文科,213,122,108655
2018,湖北,理科,213,188,177109
2018,湖北,文科,212,114,108769
2018,湖北,理科,212,196,177305
2018,湖北,文科,211,101,108870
2018,湖北,理科,211,168,177473
2018,湖北,文科,210,104,108974
2018,湖北,理科,210,167,177640
2018,湖北,文科,209,88,109062
2018,湖北,理科,209,159,177799
2018,湖北,文科,208,102,109164
2018,湖北,理科,208,176,177975
2018,湖北,文科,207,89,109253
2018,湖北,理科,207,150,178125
2018,湖北,文科,206,88,109341
2018,湖北,理科,206,160,178285
2018,湖北,文科,205,108,109449
2018,湖北,理科,205,145,178430
2018,湖北,文科,204,107,109556
2018,湖北,理科,204,134,178564
2018,湖北,文科,203,100,109656
2018,湖北,理科,203,141,178705
2018,湖北,文科,202,101,109757
2018,湖北,理科,202,179,178884
2018,湖北,文科,201,106,109863
2018,湖北,理科,201,138,179022
2018,湖北,文科,200,79,109942
2018,湖北,理科,200,131,179153
2018,湖北,文科,199,104,110046
2018,湖北,理科,199,147,179300
2018,湖北,文科,198,84,110130
2018,湖北,理科,198,118,179418
2018,湖北,文科,197,75,110205
2018,湖北,理科,197,114,179532
2018,湖北,文科,196,86,110291
2018,湖北,理科,196,121,179653
2018,湖北,文科,195,88,110379
2018,湖北,理科,195,115,179768
2018,湖北,文科,194,83,110462
2018,湖北,理科,194,128,179896
2018,湖北,文科,193,79,110541
2018,湖北,理科,193,119,180015
2018,湖北,文科,192,85,110626
2018,湖北,理科,192,97,180112
2018,湖北,文科,191,86,110712
2018,湖北,理科,191,108,180220
2018,湖北,文科,190,53,110765
2018,湖北,理科,190,108,180328
2018,湖北,文科,189,82,110847
2018,湖北,理科,189,99,180427
2018,湖北,文科,188,67,110914
2018,湖北,理科,188,102,180529
2018,湖北,文科,187,72,110986
2018,湖北,理科,187,95,180624
2018,湖北,文科,186,74,111060
2018,湖北,理科,186,85,180709
2018,湖北,文科,185,71,111131
2018,湖北,理科,185,89,180798
2018,湖北,文科,184,72,111203
2018,湖北,理科,184,80,180878
2018,湖北,文科,183,66,111269
2018,湖北,理科,183,99,180977
2018,湖北,文科,182,54,111323
2018,湖北,理科,182,92,181069
2018,湖北,文科,181,60,111383
2018,湖北,理科,181,83,181152
2018,湖北,文科,180,51,111434
2018,湖北,理科,180,85,181237
2018,湖北,文科,179,56,111490
2018,湖北,理科,179,97,181334
2018,湖北,文科,178,58,111548
2018,湖北,理科,178,67,181401
2018,湖北,文科,177,46,111594
2018,湖北,理科,177,94,181495
2018,湖北,文科,176,62,111656
2018,湖北,理科,176,74,181569
2018,湖北,文科,175,67,111723
2018,湖北,理科,175,57,181626
2018,湖北,文科,174,53,111776
2018,湖北,理科,174,76,181702
2018,湖北,文科,173,64,111840
2018,湖北,理科,173,66,181768
2018,湖北,文科,172,46,111886
2018,湖北,理科,172,64,181832
2018,湖北,文科,171,49,111935
2018,湖北,理科,171,52,181884
2018,湖北,文科,170,59,111994
2018,湖北,理科,170,62,181946
2018,湖北,文科,169,50,112044
2018,湖北,理科,169,63,182009
2018,湖北,文科,168,38,112082
2018,湖北,理科,168,55,182064
2018,湖北,文科,167,26,112108
2018,湖北,理科,167,56,182120
2018,湖北,文科,166,36,112144
2018,湖北,理科,166,49,182169
2018,湖北,文科,165,45,112189
2018,湖北,理科,165,48,182217
2018,湖北,文科,164,34,112223
2018,湖北,理科,164,33,182250
2018,湖北,文科,163,43,112266
2018,湖北,理科,163,47,182297
2018,湖北,文科,162,36,112302
2018,湖北,理科,162,55,182352
2018,湖北,文科,161,38,112340
2018,湖北,理科,161,34,182386
2018,湖北,文科,160,31,112371
2018,湖北,理科,160,44,182430
2018,湖北,文科,159,36,112407
2018,湖北,理科,159,42,182472
2018,湖北,文科,158,28,112435
2018,湖北,理科,158,35,182507
2018,湖北,文科,157,31,112466
2018,湖北,理科,157,36,182543
2018,湖北,文科,156,36,112502
2018,湖北,理科,156,42,182585
2018,湖北,文科,155,27,112529
2018,湖北,理科,155,25,182610
2018,湖北,文科,154,26,112555
2018,湖北,理科,154,17,182627
2018,湖北,文科,153,25,112580
2018,湖北,理科,153,31,182658
2018,湖北,文科,152,32,112612
2018,湖北,理科,152,37,182695
2018,湖北,文科,151,21,112633
2018,湖北,理科,151,26,182721
2018,湖北,文科,150,23,112656
2018,湖北,理科,150,31,182752
2017,湖北,理科,680,11,73
2017,湖北,理科,679,4,77
2017,湖北,理科,678,7,84
2017,湖北,理科,677,6,90
2017,湖北,理科,676,13,103
2017,湖北,理科,675,14,117
2017,湖北,理科,674,10,127
2017,湖北,理科,673,17,144
2017,湖北,理科,672,9,153
2017,湖北,理科,671,7,160
2017,湖北,理科,670,14,174
2017,湖北,理科,669,10,184
2017,湖北,理科,668,15,199
2017,湖北,理科,667,10,209
2017,湖北,理科,666,15,224
2017,湖北,理科,665,17,241
2017,湖北,理科,664,28,269
2017,湖北,理科,663,21,290
2017,湖北,理科,662,21,311
2017,湖北,理科,661,32,343
2017,湖北,文科,660,2,15
2017,湖北,理科,660,28,371
2017,湖北,文科,659,2,17
2017,湖北,理科,659,23,394
2017,湖北,文科,658,1,18
2017,湖北,理科,658,25,419
2017,湖北,理科,657,43,462
2017,湖北,文科,657,0,18
2017,湖北,理科,656,40,502
2017,湖北,文科,656,4,22
2017,湖北,理科,655,32,534
2017,湖北,文科,655,5,27
2017,湖北,文科,654,3,30
2017,湖北,理科,654,37,571
2017,湖北,文科,653,4,34
2017,湖北,理科,653,41,612
2017,湖北,文科,652,3,37
2017,湖北,理科,652,32,644
2017,湖北,文科,651,3,40
2017,湖北,理科,651,52,696
2017,湖北,文科,650,2,42
2017,湖北,理科,650,37,733
2017,湖北,文科,649,1,43
2017,湖北,理科,649,51,784
2017,湖北,文科,648,1,44
2017,湖北,理科,648,48,832
2017,湖北,文科,647,4,48
2017,湖北,理科,647,45,877
2017,湖北,文科,646,7,55
2017,湖北,理科,646,45,922
2017,湖北,理科,645,50,972
2017,湖北,文科,645,5,60
2017,湖北,理科,644,48,1020
2017,湖北,文科,644,8,68
2017,湖北,理科,643,66,1086
2017,湖北,文科,643,5,73
2017,湖北,文科,642,6,79
2017,湖北,理科,642,58,1144
2017,湖北,文科,641,11,90
2017,湖北,理科,641,69,1213
2017,湖北,文科,640,12,102
2017,湖北,理科,640,68,1281
2017,湖北,文科,639,8,110
2017,湖北,理科,639,74,1355
2017,湖北,文科,638,10,120
2017,湖北,理科,638,73,1428
2017,湖北,文科,637,11,131
2017,湖北,理科,637,73,1501
2017,湖北,理科,636,56,1557
2017,湖北,文科,636,20,151
2017,湖北,理科,635,70,1627
2017,湖北,文科,635,13,164
2017,湖北,理科,634,83,1710
2017,湖北,文科,634,16,180
2017,湖北,理科,633,88,1798
2017,湖北,文科,633,20,200
2017,湖北,理科,632,91,1889
2017,湖北,文科,632,20,220
2017,湖北,理科,631,86,1975
2017,湖北,文科,631,17,237
2017,湖北,理科,630,85,2060
2017,湖北,文科,630,17,254
2017,湖北,理科,629,99,2159
2017,湖北,文科,629,22,276
2017,湖北,理科,628,86,2245
2017,湖北,文科,628,21,297
2017,湖北,理科,627,91,2336
2017,湖北,文科,627,13,310
2017,湖北,理科,626,111,2447
2017,湖北,文科,626,18,328
2017,湖北,理科,625,114,2561
2017,湖北,文科,625,28,356
2017,湖北,理科,624,122,2683
2017,湖北,文科,624,22,378
2017,湖北,理科,623,109,2792
2017,湖北,文科,623,18,396
2017,湖北,理科,622,105,2897
2017,湖北,文科,622,37,433
2017,湖北,理科,621,122,3019
2017,湖北,文科,621,22,455
2017,湖北,理科,620,103,3122
2017,湖北,文科,620,32,487
2017,湖北,理科,619,142,3264
2017,湖北,文科,619,38,525
2017,湖北,理科,618,128,3392
2017,湖北,文科,618,28,553
2017,湖北,理科,617,155,3547
2017,湖北,文科,617,30,583
2017,湖北,理科,616,141,3688
2017,湖北,文科,616,33,616
2017,湖北,理科,615,157,3845
2017,湖北,文科,615,39,655
2017,湖北,理科,614,131,3976
2017,湖北,文科,614,25,680
2017,湖北,理科,613,144,4120
2017,湖北,文科,613,33,713
2017,湖北,理科,612,190,4310
2017,湖北,文科,612,37,750
2017,湖北,理科,611,159,4469
2017,湖北,文科,611,43,793
2017,湖北,文科,610,39,832
2017,湖北,理科,610,164,4633
2017,湖北,文科,609,54,886
2017,湖北,理科,609,165,4798
2017,湖北,文科,608,43,929
2017,湖北,理科,608,173,4971
2017,湖北,文科,607,49,978
2017,湖北,理科,607,168,5139
2017,湖北,文科,606,50,1028
2017,湖北,理科,606,212,5351
2017,湖北,文科,605,53,1081
2017,湖北,理科,605,165,5516
2017,湖北,文科,604,52,1133
2017,湖北,理科,604,157,5673
2017,湖北,文科,603,46,1179
2017,湖北,理科,603,184,5857
2017,湖北,文科,602,54,1233
2017,湖北,理科,602,194,6051
2017,湖北,文科,601,46,1279
2017,湖北,理科,601,185,6236
2017,湖北,理科,600,202,6438
2017,湖北,文科,600,71,1350
2017,湖北,理科,599,201,6639
2017,湖北,文科,599,74,1424
2017,湖北,理科,598,184,6823
2017,湖北,文科,598,62,1486
2017,湖北,理科,597,195,7018
2017,湖北,文科,597,76,1562
2017,湖北,理科,596,215,7233
2017,湖北,文科,596,79,1641
2017,湖北,理科,595,218,7451
2017,湖北,文科,595,85,1726
2017,湖北,理科,594,230,7681
2017,湖北,文科,594,98,1824
2017,湖北,理科,593,222,7903
2017,湖北,文科,593,65,1889
2017,湖北,理科,592,227,8130
2017,湖北,文科,592,91,1980
2017,湖北,理科,591,221,8351
2017,湖北,文科,591,74,2054
2017,湖北,文科,590,88,2142
2017,湖北,理科,590,234,8585
2017,湖北,理科,589,207,8792
2017,湖北,文科,589,74,2216
2017,湖北,文科,588,98,2314
2017,湖北,理科,588,254,9046
2017,湖北,理科,587,245,9291
2017,湖北,文科,587,88,2402
2017,湖北,文科,586,109,2511
2017,湖北,理科,586,248,9539
2017,湖北,文科,585,96,2607
2017,湖北,理科,585,279,9818
2017,湖北,理科,584,268,10086
2017,湖北,文科,584,99,2706
2017,湖北,文科,583,83,2789
2017,湖北,理科,583,256,10342
2017,湖北,理科,582,281,10623
2017,湖北,文科,582,106,2895
2017,湖北,理科,581,264,10887
2017,湖北,文科,581,109,3004
2017,湖北,文科,580,114,3118
2017,湖北,理科,580,254,11141
2017,湖北,文科,579,106,3224
2017,湖北,理科,579,277,11418
2017,湖北,文科,578,80,3304
2017,湖北,理科,578,292,11710
2017,湖北,文科,577,104,3408
2017,湖北,理科,577,302,12012
2017,湖北,文科,576,105,3513
2017,湖北,理科,576,271,12283
2017,湖北,文科,575,126,3639
2017,湖北,理科,575,295,12578
2017,湖北,文科,574,113,3752
2017,湖北,理科,574,295,12873
2017,湖北,文科,573,113,3865
2017,湖北,理科,573,298,13171
2017,湖北,文科,572,133,3998
2017,湖北,理科,572,291,13462
2017,湖北,文科,571,124,4122
2017,湖北,理科,571,315,13777
2017,湖北,理科,570,288,14065
2017,湖北,文科,570,144,4266
2017,湖北,理科,569,329,14394
2017,湖北,文科,569,128,4394
2017,湖北,理科,568,322,14716
2017,湖北,文科,568,135,4529
2017,湖北,理科,567,304,15020
2017,湖北,文科,567,131,4660
2017,湖北,理科,566,314,15334
2017,湖北,文科,566,140,4800
2017,湖北,理科,565,322,15656
2017,湖北,文科,565,139,4939
2017,湖北,理科,564,334,15990
2017,湖北,文科,564,130,5069
2017,湖北,理科,563,314,16304
2017,湖北,文科,563,135,5204
2017,湖北,理科,562,337,16641
2017,湖北,文科,562,145,5349
2017,湖北,理科,561,331,16972
2017,湖北,文科,561,146,5495
2017,湖北,理科,560,338,17310
2017,湖北,文科,560,155,5650
2017,湖北,理科,559,345,17655
2017,湖北,文科,559,156,5806
2017,湖北,理科,558,320,17975
2017,湖北,文科,558,152,5958
2017,湖北,理科,557,339,18314
2017,湖北,文科,557,142,6100
2017,湖北,理科,556,370,18684
2017,湖北,文科,556,156,6256
2017,湖北,理科,555,348,19032
2017,湖北,文科,555,151,6407
2017,湖北,理科,554,357,19389
2017,湖北,文科,554,148,6555
2017,湖北,理科,553,386,19775
2017,湖北,文科,553,159,6714
2017,湖北,理科,552,368,20143
2017,湖北,文科,552,167,6881
2017,湖北,理科,551,414,20557
2017,湖北,文科,551,152,7033
2017,湖北,理科,550,363,20920
2017,湖北,文科,550,161,7194
2017,湖北,理科,549,414,21334
2017,湖北,文科,549,168,7362
2017,湖北,理科,548,434,21768
2017,湖北,文科,548,191,7553
2017,湖北,理科,547,359,22127
2017,湖北,文科,547,178,7731
2017,湖北,理科,546,360,22487
2017,湖北,文科,546,175,7906
2017,湖北,文科,545,186,8092
2017,湖北,理科,545,372,22859
2017,湖北,理科,544,368,23227
2017,湖北,文科,544,173,8265
2017,湖北,理科,543,403,23630
2017,湖北,文科,543,185,8450
2017,湖北,理科,542,358,23988
2017,湖北,文科,542,184,8634
2017,湖北,理科,541,400,24388
2017,湖北,文科,541,218,8852
2017,湖北,理科,540,408,24796
2017,湖北,文科,540,195,9047
2017,湖北,理科,539,450,25246
2017,湖北,文科,539,173,9220
2017,湖北,文科,538,176,9396
2017,湖北,理科,538,422,25668
2017,湖北,文科,537,170,9566
2017,湖北,理科,537,458,26126
2017,湖北,理科,536,426,26552
2017,湖北,文科,536,194,9760
2017,湖北,理科,535,435,26987
2017,湖北,文科,535,193,9953
2017,湖北,文科,534,207,10160
2017,湖北,理科,534,435,27422
2017,湖北,文科,533,178,10338
2017,湖北,理科,533,408,27830
2017,湖北,理科,532,413,28243
2017,湖北,文科,532,229,10567
2017,湖北,理科,531,410,28653
2017,湖北,文科,531,199,10766
2017,湖北,文科,530,197,10963
2017,湖北,理科,530,418,29071
2017,湖北,文科,529,210,11173
2017,湖北,理科,529,446,29517
2017,湖北,文科,528,216,11389
2017,湖北,理科,528,457,29974
2017,湖北,文科,527,202,11591
2017,湖北,理科,527,430,30404
2017,湖北,文科,526,190,11781
2017,湖北,理科,526,475,30879
2017,湖北,文科,525,221,12002
2017,湖北,理科,525,457,31336
2017,湖北,文科,524,204,12206
2017,湖北,理科,524,455,31791
2017,湖北,文科,523,217,12423
2017,湖北,理科,523,427,32218
2017,湖北,文科,522,239,12662
2017,湖北,理科,522,426,32644
2017,湖北,文科,521,203,12865
2017,湖北,理科,521,483,33127
2017,湖北,文科,520,212,13077
2017,湖北,理科,520,451,33578
2017,湖北,文科,519,222,13299
2017,湖北,理科,519,510,34088
2017,湖北,文科,518,214,13513
2017,湖北,理科,518,451,34539
2017,湖北,文科,517,218,13731
2017,湖北,理科,517,449,34988
2017,湖北,文科,516,200,13931
2017,湖北,理科,516,472,35460
2017,湖北,文科,515,207,14138
2017,湖北,理科,515,488,35948
2017,湖北,文科,514,216,14354
2017,湖北,理科,514,467,36415
2017,湖北,文科,513,219,14573
2017,湖北,理科,513,462,36877
2017,湖北,文科,512,215,14788
2017,湖北,理科,512,459,37336
2017,湖北,文科,511,249,15037
2017,湖北,理科,511,452,37788
2017,湖北,文科,510,208,15245
2017,湖北,理科,510,480,38268
2017,湖北,文科,509,221,15466
2017,湖北,理科,509,519,38787
2017,湖北,文科,508,238,15704
2017,湖北,理科,508,488,39275
2017,湖北,文科,507,227,15931
2017,湖北,理科,507,509,39784
2017,湖北,文科,506,222,16153
2017,湖北,理科,506,494,40278
2017,湖北,文科,505,212,16365
2017,湖北,理科,505,489,40767
2017,湖北,文科,504,215,16580
2017,湖北,理科,504,487,41254
2017,湖北,文科,503,224,16804
2017,湖北,理科,503,502,41756
2017,湖北,文科,502,219,17023
2017,湖北,理科,502,514,42270
2017,湖北,文科,501,244,17267
2017,湖北,理科,501,509,42779
2017,湖北,理科,500,511,43290
2017,湖北,文科,500,208,17475
2017,湖北,理科,499,506,43796
2017,湖北,文科,499,248,17723
2017,湖北,理科,498,472,44268
2017,湖北,文科,498,248,17971
2017,湖北,理科,497,488,44756
2017,湖北,文科,497,245,18216
2017,湖北,理科,496,527,45283
2017,湖北,文科,496,239,18455
2017,湖北,理科,495,487,45770
2017,湖北,文科,495,221,18676
2017,湖北,理科,494,506,46276
2017,湖北,文科,494,256,18932
2017,湖北,理科,493,528,46804
2017,湖北,文科,493,235,19167
2017,湖北,理科,492,500,47304
2017,湖北,文科,492,244,19411
2017,湖北,理科,491,504,47808
2017,湖北,文科,491,225,19636
2017,湖北,理科,490,495,48303
2017,湖北,文科,490,246,19882
2017,湖北,理科,489,504,48807
2017,湖北,文科,489,244,20126
2017,湖北,理科,488,491,49298
2017,湖北,文科,488,210,20336
2017,湖北,理科,487,506,49804
2017,湖北,文科,487,255,20591
2017,湖北,理科,486,492,50296
2017,湖北,文科,486,246,20837
2017,湖北,理科,485,491,50787
2017,湖北,文科,485,241,21078
2017,湖北,理科,484,484,51271
2017,湖北,文科,484,262,21340
2017,湖北,理科,483,546,51817
2017,湖北,文科,483,227,21567
2017,湖北,理科,482,457,52274
2017,湖北,文科,482,252,21819
2017,湖北,理科,481,524,52798
2017,湖北,文科,481,249,22068
2017,湖北,理科,480,501,53299
2017,湖北,文科,480,239,22307
2017,湖北,理科,479,477,53776
2017,湖北,文科,479,258,22565
2017,湖北,理科,478,477,54253
2017,湖北,文科,478,263,22828
2017,湖北,理科,477,480,54733
2017,湖北,文科,477,254,23082
2017,湖北,理科,476,504,55237
2017,湖北,文科,476,252,23334
2017,湖北,理科,475,465,55702
2017,湖北,文科,475,269,23603
2017,湖北,理科,474,498,56200
2017,湖北,文科,474,255,23858
2017,湖北,理科,473,544,56744
2017,湖北,文科,473,259,24117
2017,湖北,理科,472,497,57241
2017,湖北,文科,472,251,24368
2017,湖北,理科,471,488,57729
2017,湖北,文科,471,295,24663
2017,湖北,理科,470,480,58209
2017,湖北,文科,470,265,24928
2017,湖北,理科,469,497,58706
2017,湖北,文科,469,258,25186
2017,湖北,理科,468,504,59210
2017,湖北,文科,468,273,25459
2017,湖北,理科,467,511,59721
2017,湖北,文科,467,271,25730
2017,湖北,理科,466,494,60215
2017,湖北,文科,466,275,26005
2017,湖北,理科,465,491,60706
2017,湖北,文科,465,291,26296
2017,湖北,理科,464,494,61200
2017,湖北,文科,464,286,26582
2017,湖北,理科,463,495,61695
2017,湖北,文科,463,298,26880
2017,湖北,理科,462,489,62184
2017,湖北,文科,462,269,27149
2017,湖北,理科,461,498,62682
2017,湖北,文科,461,276,27425
2017,湖北,理科,460,484,63166
2017,湖北,文科,460,283,27708
2017,湖北,理科,459,514,63680
2017,湖北,文科,459,280,27988
2017,湖北,理科,458,487,64167
2017,湖北,文科,458,288,28276
2017,湖北,理科,457,484,64651
2017,湖北,文科,457,262,28538
2017,湖北,理科,456,472,65123
2017,湖北,文科,456,317,28855
2017,湖北,理科,455,476,65599
2017,湖北,文科,455,277,29132
2017,湖北,理科,454,485,66084
2017,湖北,文科,454,268,29400
2017,湖北,理科,453,507,66591
2017,湖北,文科,453,314,29714
2017,湖北,理科,452,468,67059
2017,湖北,文科,452,279,29993
2017,湖北,理科,451,484,67543
2017,湖北,文科,451,307,30300
2017,湖北,理科,450,530,68073
2017,湖北,文科,450,293,30593
2017,湖北,理科,449,523,68596
2017,湖北,文科,449,262,30855
2017,湖北,理科,448,491,69087
2017,湖北,文科,448,270,31125
2017,湖北,理科,447,524,69611
2017,湖北,文科,447,291,31416
2017,湖北,理科,446,477,70088
2017,湖北,文科,446,293,31709
2017,湖北,理科,445,504,70592
2017,湖北,文科,445,300,32009
2017,湖北,理科,444,494,71086
2017,湖北,文科,444,272,32281
2017,湖北,理科,443,519,71605
2017,湖北,文科,443,286,32567
2017,湖北,理科,442,457,72062
2017,湖北,文科,442,281,32848
2017,湖北,理科,441,502,72564
2017,湖北,文科,441,298,33146
2017,湖北,理科,440,465,73029
2017,湖北,文科,440,305,33451
2017,湖北,理科,439,545,73574
2017,湖北,文科,439,320,33771
2017,湖北,理科,438,498,74072
2017,湖北,文科,438,283,34054
2017,湖北,理科,437,504,74576
2017,湖北,文科,437,273,34327
2017,湖北,理科,436,502,75078
2017,湖北,文科,436,292,34619
2017,湖北,理科,435,471,75549
2017,湖北,文科,435,292,34911
2017,湖北,理科,434,541,76090
2017,湖北,文科,434,299,35210
2017,湖北,理科,433,531,76621
2017,湖北,文科,433,324,35534
2017,湖北,理科,432,506,77127
2017,湖北,文科,432,272,35806
2017,湖北,理科,431,452,77579
2017,湖北,文科,431,292,36098
2017,湖北,理科,430,475,78054
2017,湖北,文科,430,302,36400
2017,湖北,理科,429,485,78539
2017,湖北,文科,429,311,36711
2017,湖北,理科,428,491,79030
2017,湖北,文科,428,275,36986
2017,湖北,理科,427,528,79558
2017,湖北,文科,427,256,37242
2017,湖北,理科,426,501,80059
2017,湖北,文科,426,270,37512
2017,湖北,理科,425,514,80573
2017,湖北,文科,425,316,37828
2017,湖北,理科,424,518,81091
2017,湖北,文科,424,289,38117
2017,湖北,理科,423,504,81595
2017,湖北,文科,423,295,38412
2017,湖北,理科,422,505,82100
2017,湖北,文科,422,286,38698
2017,湖北,理科,421,508,82608
2017,湖北,文科,421,306,39004
2017,湖北,理科,420,518,83126
2017,湖北,文科,420,323,39327
2017,湖北,理科,419,500,83626
2017,湖北,文科,419,295,39622
2017,湖北,理科,418,505,84131
2017,湖北,文科,418,289,39911
2017,湖北,理科,417,501,84632
2017,湖北,文科,417,332,40243
2017,湖北,理科,416,469,85101
2017,湖北,文科,416,318,40561
2017,湖北,理科,415,514,85615
2017,湖北,文科,415,327,40888
2017,湖北,理科,414,486,86101
2017,湖北,文科,414,314,41202
2017,湖北,理科,413,486,86587
2017,湖北,文科,413,313,41515
2017,湖北,理科,412,457,87044
2017,湖北,文科,412,333,41848
2017,湖北,理科,411,512,87556
2017,湖北,文科,411,312,42160
2017,湖北,文科,410,321,42481
2017,湖北,理科,410,492,88048
2017,湖北,理科,409,517,88565
2017,湖北,文科,409,321,42802
2017,湖北,理科,408,523,89088
2017,湖北,文科,408,342,43144
2017,湖北,理科,407,517,89605
2017,湖北,文科,407,329,43473
2017,湖北,理科,406,489,90094
2017,湖北,文科,406,352,43825
2017,湖北,理科,405,468,90562
2017,湖北,文科,405,303,44128
2017,湖北,理科,404,524,91086
2017,湖北,文科,404,338,44466
2017,湖北,理科,403,506,91592
2017,湖北,文科,403,342,44808
2017,湖北,文科,402,311,45119
2017,湖北,理科,402,511,92103
2017,湖北,理科,401,490,92593
2017,湖北,文科,401,327,45446
2017,湖北,文科,400,323,45769
2017,湖北,理科,400,473,93066
2017,湖北,理科,399,501,93567
2017,湖北,文科,399,340,46109
2017,湖北,理科,398,500,94067
2017,湖北,文科,398,339,46448
2017,湖北,文科,397,358,46806
2017,湖北,理科,397,475,94542
2017,湖北,理科,396,506,95048
2017,湖北,文科,396,331,47137
2017,湖北,理科,395,542,95590
2017,湖北,文科,395,339,47476
2017,湖北,理科,394,541,96131
2017,湖北,文科,394,331,47807
2017,湖北,文科,393,355,48162
2017,湖北,理科,393,502,96633
2017,湖北,理科,392,499,97132
2017,湖北,文科,392,351,48513
2017,湖北,理科,391,502,97634
2017,湖北,文科,391,335,48848
2017,湖北,文科,390,338,49186
2017,湖北,理科,390,442,98076
2017,湖北,理科,389,491,98567
2017,湖北,文科,389,333,49519
2017,湖北,理科,388,503,99070
2017,湖北,文科,388,332,49851
2017,湖北,理科,387,504,99574
2017,湖北,文科,387,357,50208
2017,湖北,理科,386,519,100093
2017,湖北,文科,386,343,50551
2017,湖北,文科,385,360,50911
2017,湖北,理科,385,443,100536
2017,湖北,理科,384,517,101053
2017,湖北,文科,384,333,51244
2017,湖北,理科,383,499,101552
2017,湖北,文科,383,337,51581
2017,湖北,理科,382,487,102039
2017,湖北,文科,382,363,51944
2017,湖北,文科,381,329,52273
2017,湖北,理科,381,489,102528
2017,湖北,理科,380,505,103033
2017,湖北,文科,380,324,52597
2017,湖北,文科,379,365,52962
2017,湖北,理科,379,485,103518
2017,湖北,理科,378,535,104053
2017,湖北,文科,378,362,53324
2017,湖北,文科,377,352,53676
2017,湖北,理科,377,474,104527
2017,湖北,理科,376,500,105027
2017,湖北,文科,376,358,54034
2017,湖北,文科,375,325,54359
2017,湖北,理科,375,517,105544
2017,湖北,理科,374,482,106026
2017,湖北,文科,374,365,54724
2017,湖北,文科,373,355,55079
2017,湖北,理科,373,514,106540
2017,湖北,理科,372,496,107036
2017,湖北,文科,372,361,55440
2017,湖北,文科,371,351,55791
2017,湖北,理科,371,492,107528
2017,湖北,文科,370,344,56135
2017,湖北,理科,370,501,108029
2017,湖北,理科,369,499,108528
2017,湖北,文科,369,374,56509
2017,湖北,文科,368,369,56878
2017,湖北,理科,368,516,109044
2017,湖北,理科,367,551,109595
2017,湖北,文科,367,387,57265
2017,湖北,文科,366,364,57629
2017,湖北,理科,366,516,110111
2017,湖北,理科,365,510,110621
2017,湖北,文科,365,347,57976
2017,湖北,文科,364,372,58348
2017,湖北,理科,364,497,111118
2017,湖北,理科,363,526,111644
2017,湖北,文科,363,375,58723
2017,湖北,文科,362,378,59101
2017,湖北,理科,362,488,112132
2017,湖北,理科,361,470,112602
2017,湖北,文科,361,412,59513
2017,湖北,文科,360,388,59901
2017,湖北,理科,360,455,113057
2017,湖北,理科,359,481,113538
2017,湖北,文科,359,380,60281
2017,湖北,文科,358,401,60682
2017,湖北,理科,358,520,114058
2017,湖北,理科,357,498,114556
2017,湖北,文科,357,387,61069
2017,湖北,文科,356,355,61424
2017,湖北,理科,356,477,115033
2017,湖北,理科,355,496,115529
2017,湖北,文科,355,387,61811
2017,湖北,文科,354,338,62149
2017,湖北,理科,354,501,116030
2017,湖北,理科,353,492,116522
2017,湖北,文科,353,383,62532
2017,湖北,文科,352,368,62900
2017,湖北,理科,352,486,117008
2017,湖北,理科,351,524,117532
2017,湖北,文科,351,361,63261
2017,湖北,文科,350,408,63669
2017,湖北,理科,350,491,118023
2017,湖北,理科,349,500,118523
2017,湖北,文科,349,395,64064
2017,湖北,文科,348,371,64435
2017,湖北,理科,348,502,119025
2017,湖北,理科,347,520,119545
2017,湖北,文科,347,363,64798
2017,湖北,文科,346,345,65143
2017,湖北,理科,346,509,120054
2017,湖北,理科,345,488,120542
2017,湖北,文科,345,426,65569
2017,湖北,文科,344,371,65940
2017,湖北,理科,344,498,121040
2017,湖北,理科,343,471,121511
2017,湖北,文科,343,388,66328
2017,湖北,文科,342,423,66751
2017,湖北,理科,342,483,121994
2017,湖北,理科,341,495,122489
2017,湖北,文科,341,378,67129
2017,湖北,文科,340,380,67509
2017,湖北,理科,340,461,122950
2017,湖北,理科,339,487,123437
2017,湖北,文科,339,415,67924
2017,湖北,文科,338,376,68300
2017,湖北,理科,338,486,123923
2017,湖北,理科,337,492,124415
2017,湖北,文科,337,419,68719
2017,湖北,文科,336,423,69142
2017,湖北,理科,336,472,124887
2017,湖北,文科,335,377,69519
2017,湖北,理科,335,458,125345
2017,湖北,理科,334,474,125819
2017,湖北,文科,334,384,69903
2017,湖北,理科,333,480,126299
2017,湖北,文科,333,416,70319
2017,湖北,文科,332,399,70718
2017,湖北,理科,332,524,126823
2017,湖北,理科,331,440,127263
2017,湖北,文科,331,387,71105
2017,湖北,文科,330,406,71511
2017,湖北,理科,330,494,127757
2017,湖北,文科,329,418,71929
2017,湖北,理科,329,519,128276
2017,湖北,文科,328,419,72348
2017,湖北,理科,328,496,128772
2017,湖北,文科,327,400,72748
2017,湖北,理科,327,456,129228
2017,湖北,文科,326,365,73113
2017,湖北,理科,326,459,129687
2017,湖北,文科,325,428,73541
2017,湖北,理科,325,509,130196
2017,湖北,文科,324,398,73939
2017,湖北,理科,324,509,130705
2017,湖北,文科,323,395,74334
2017,湖北,理科,323,497,131202
2017,湖北,文科,322,386,74720
2017,湖北,理科,322,503,131705
2017,湖北,文科,321,393,75113
2017,湖北,理科,321,449,132154
2017,湖北,文科,320,396,75509
2017,湖北,理科,320,454,132608
2017,湖北,文科,319,406,75915
2017,湖北,理科,319,459,133067
2017,湖北,文科,318,414,76329
2017,湖北,理科,318,477,133544
2017,湖北,文科,317,403,76732
2017,湖北,理科,317,435,133979
2017,湖北,文科,316,419,77151
2017,湖北,理科,316,459,134438
2017,湖北,文科,315,427,77578
2017,湖北,理科,315,454,134892
2017,湖北,文科,314,409,77987
2017,湖北,理科,314,475,135367
2017,湖北,文科,313,376,78363
2017,湖北,理科,313,436,135803
2017,湖北,文科,312,407,78770
2017,湖北,理科,312,463,136266
2017,湖北,文科,311,391,79161
2017,湖北,理科,311,471,136737
2017,湖北,文科,310,385,79546
2017,湖北,理科,310,501,137238
2017,湖北,文科,309,387,79933
2017,湖北,理科,309,475,137713
2017,湖北,文科,308,420,80353
2017,湖北,理科,308,428,138141
2017,湖北,文科,307,379,80732
2017,湖北,理科,307,453,138594
2017,湖北,文科,306,396,81128
2017,湖北,理科,306,457,139051
2017,湖北,文科,305,381,81509
2017,湖北,理科,305,430,139481
2017,湖北,文科,304,398,81907
2017,湖北,理科,304,497,139978
2017,湖北,文科,303,377,82284
2017,湖北,理科,303,475,140453
2017,湖北,文科,302,404,82688
2017,湖北,理科,302,478,140931
2017,湖北,文科,301,400,83088
2017,湖北,理科,301,452,141383
2017,湖北,文科,300,402,83490
2017,湖北,理科,300,463,141846
2017,湖北,文科,299,395,83885
2017,湖北,理科,299,421,142267
2017,湖北,文科,298,359,84244
2017,湖北,理科,298,389,142656
2017,湖北,文科,297,413,84657
2017,湖北,理科,297,444,143100
2017,湖北,文科,296,402,85059
2017,湖北,理科,296,443,143543
2017,湖北,文科,295,378,85437
2017,湖北,理科,295,435,143978
2017,湖北,文科,294,399,85836
2017,湖北,理科,294,434,144412
2017,湖北,文科,293,428,86264
2017,湖北,理科,293,420,144832
2017,湖北,文科,292,393,86657
2017,湖北,理科,292,438,145270
2017,湖北,文科,291,385,87042
2017,湖北,理科,291,440,145710
2017,湖北,文科,290,374,87416
2017,湖北,理科,290,382,146092
2017,湖北,文科,289,367,87783
2017,湖北,理科,289,417,146509
2017,湖北,文科,288,346,88129
2017,湖北,理科,288,397,146906
2017,湖北,文科,287,373,88502
2017,湖北,理科,287,428,147334
2017,湖北,文科,286,346,88848
2017,湖北,理科,286,425,147759
2017,湖北,文科,285,339,89187
2017,湖北,理科,285,428,148187
2017,湖北,文科,284,384,89571
2017,湖北,理科,284,413,148600
2017,湖北,文科,283,401,89972
2017,湖北,理科,283,402,149002
2017,湖北,文科,282,362,90334
2017,湖北,理科,282,419,149421
2017,湖北,文科,281,348,90682
2017,湖北,理科,281,418,149839
2017,湖北,文科,280,343,91025
2017,湖北,理科,280,414,150253
2017,湖北,文科,279,361,91386
2017,湖北,理科,279,389,150642
2017,湖北,文科,278,369,91755
2017,湖北,理科,278,435,151077
2017,湖北,文科,277,360,92115
2017,湖北,理科,277,390,151467
2017,湖北,文科,276,346,92461
2017,湖北,理科,276,414,151881
2017,湖北,文科,275,342,92803
2017,湖北,理科,275,400,152281
2017,湖北,文科,274,350,93153
2017,湖北,理科,274,396,152677
2017,湖北,文科,273,365,93518
2017,湖北,理科,273,418,153095
2017,湖北,文科,272,331,93849
2017,湖北,理科,272,429,153524
2017,湖北,文科,271,354,94203
2017,湖北,理科,271,396,153920
2017,湖北,文科,270,324,94527
2017,湖北,理科,270,404,154324
2017,湖北,文科,269,349,94876
2017,湖北,理科,269,415,154739
2017,湖北,文科,268,356,95232
2017,湖北,理科,268,387,155126
2017,湖北,文科,267,303,95535
2017,湖北,理科,267,416,155542
2017,湖北,文科,266,315,95850
2017,湖北,理科,266,429,155971
2017,湖北,文科,265,346,96196
2017,湖北,理科,265,382,156353
2017,湖北,文科,264,348,96544
2017,湖北,理科,264,408,156761
2017,湖北,文科,263,345,96889
2017,湖北,理科,263,348,157109
2017,湖北,文科,262,348,97237
2017,湖北,理科,262,396,157505
2017,湖北,文科,261,321,97558
2017,湖北,理科,261,373,157878
2017,湖北,文科,260,313,97871
2017,湖北,理科,260,379,158257
2017,湖北,文科,259,317,98188
2017,湖北,理科,259,425,158682
2017,湖北,文科,258,305,98493
2017,湖北,理科,258,379,159061
2017,湖北,文科,257,323,98816
2017,湖北,理科,257,381,159442
2017,湖北,文科,256,285,99101
2017,湖北,理科,256,380,159822
2017,湖北,文科,255,320,99421
2017,湖北,理科,255,386,160208
2017,湖北,文科,254,294,99715
2017,湖北,理科,254,393,160601
2017,湖北,文科,253,290,100005
2017,湖北,理科,253,353,160954
2017,湖北,文科,252,314,100319
2017,湖北,理科,252,385,161339
2017,湖北,文科,251,314,100633
2017,湖北,理科,251,331,161670
2017,湖北,文科,250,291,100924
2017,湖北,理科,250,366,162036
2017,湖北,文科,249,306,101230
2017,湖北,理科,249,353,162389
2017,湖北,文科,248,268,101498
2017,湖北,理科,248,370,162759
2017,湖北,文科,247,277,101775
2017,湖北,理科,247,373,163132
2017,湖北,文科,246,267,102042
2017,湖北,理科,246,355,163487
2017,湖北,文科,245,282,102324
2017,湖北,理科,245,332,163819
2017,湖北,文科,244,256,102580
2017,湖北,理科,244,346,164165
2017,湖北,文科,243,277,102857
2017,湖北,理科,243,334,164499
2017,湖北,文科,242,269,103126
2017,湖北,理科,242,381,164880
2017,湖北,文科,241,246,103372
2017,湖北,理科,241,323,165203
2017,湖北,文科,240,216,103588
2017,湖北,理科,240,330,165533
2017,湖北,文科,239,244,103832
2017,湖北,理科,239,336,165869
2017,湖北,文科,238,262,104094
2017,湖北,理科,238,293,166162
2017,湖北,文科,237,245,104339
2017,湖北,理科,237,302,166464
2017,湖北,文科,236,263,104602
2017,湖北,理科,236,328,166792
2017,湖北,文科,235,223,104825
2017,湖北,理科,235,285,167077
2017,湖北,文科,234,238,105063
2017,湖北,理科,234,308,167385
2017,湖北,文科,233,245,105308
2017,湖北,理科,233,305,167690
2017,湖北,文科,232,230,105538
2017,湖北,理科,232,323,168013
2017,湖北,文科,231,218,105756
2017,湖北,理科,231,319,168332
2017,湖北,文科,230,228,105984
2017,湖北,理科,230,322,168654
2017,湖北,文科,229,235,106219
2017,湖北,理科,229,332,168986
2017,湖北,文科,228,221,106440
2017,湖北,理科,228,267,169253
2017,湖北,文科,227,242,106682
2017,湖北,理科,227,350,169603
2017,湖北,文科,226,214,106896
2017,湖北,理科,226,301,169904
2017,湖北,文科,225,196,107092
2017,湖北,理科,225,341,170245
2017,湖北,文科,224,217,107309
2017,湖北,理科,224,303,170548
2017,湖北,文科,223,201,107510
2017,湖北,理科,223,294,170842
2017,湖北,文科,222,209,107719
2017,湖北,理科,222,307,171149
2017,湖北,文科,221,190,107909
2017,湖北,理科,221,269,171418
2017,湖北,文科,220,198,108107
2017,湖北,理科,220,339,171757
2017,湖北,文科,219,175,108282
2017,湖北,理科,219,304,172061
2017,湖北,文科,218,183,108465
2017,湖北,理科,218,298,172359
2017,湖北,文科,217,185,108650
2017,湖北,理科,217,269,172628
2017,湖北,文科,216,182,108832
2017,湖北,理科,216,275,172903
2017,湖北,文科,215,171,109003
2017,湖北,理科,215,301,173204
2017,湖北,文科,214,177,109180
2017,湖北,理科,214,317,173521
2017,湖北,文科,213,160,109340
2017,湖北,理科,213,276,173797
2017,湖北,文科,212,175,109515
2017,湖北,理科,212,255,174052
2017,湖北,文科,211,155,109670
2017,湖北,理科,211,290,174342
2017,湖北,文科,210,147,109817
2017,湖北,理科,210,233,174575
2017,湖北,文科,209,136,109953
2017,湖北,理科,209,234,174809
2017,湖北,文科,208,136,110089
2017,湖北,理科,208,268,175077
2017,湖北,文科,207,139,110228
2017,湖北,理科,207,241,175318
2017,湖北,文科,206,135,110363
2017,湖北,理科,206,257,175575
2017,湖北,文科,205,140,110503
2017,湖北,理科,205,228,175803
2017,湖北,文科,204,123,110626
2017,湖北,理科,204,239,176042
2017,湖北,文科,203,134,110760
2017,湖北,理科,203,226,176268
2017,湖北,文科,202,153,110913
2017,湖北,理科,202,219,176487
2017,湖北,文科,201,142,111055
2017,湖北,理科,201,217,176704
2017,湖北,文科,200,131,111186
2017,湖北,理科,200,233,176937
2017,湖北,文科,199,121,111307
2017,湖北,理科,199,205,177142
2017,湖北,文科,198,136,111443
2017,湖北,理科,198,215,177357
2017,湖北,文科,197,137,111580
2017,湖北,理科,197,225,177582
2017,湖北,文科,196,83,111663
2017,湖北,理科,196,199,177781
2017,湖北,文科,195,111,111774
2017,湖北,理科,195,186,177967
2017,湖北,文科,194,111,111885
2017,湖北,理科,194,202,178169
2017,湖北,文科,193,99,111984
2017,湖北,理科,193,202,178371
2017,湖北,文科,192,88,112072
2017,湖北,理科,192,206,178577
2017,湖北,文科,191,104,112176
2017,湖北,理科,191,200,178777
2017,湖北,文科,190,94,112270
2017,湖北,理科,190,173,178950
2017,湖北,文科,189,80,112350
2017,湖北,理科,189,192,179142
2017,湖北,文科,188,77,112427
2017,湖北,理科,188,169,179311
2017,湖北,文科,187,88,112515
2017,湖北,理科,187,169,179480
2017,湖北,文科,186,79,112594
2017,湖北,理科,186,173,179653
2017,湖北,文科,185,85,112679
2017,湖北,理科,185,151,179804
2017,湖北,文科,184,66,112745
2017,湖北,理科,184,156,179960
2017,湖北,文科,183,74,112819
2017,湖北,理科,183,157,180117
2017,湖北,文科,182,79,112898
2017,湖北,理科,182,134,180251
2017,湖北,文科,181,75,112973
2017,湖北,理科,181,148,180399
2017,湖北,文科,180,66,113039
2017,湖北,理科,180,167,180566
2017,湖北,文科,179,75,113114
2017,湖北,理科,179,133,180699
2017,湖北,文科,178,73,113187
2017,湖北,理科,178,124,180823
2017,湖北,文科,177,66,113253
2017,湖北,理科,177,114,180937
2017,湖北,文科,176,61,113314
2017,湖北,理科,176,138,181075
2017,湖北,文科,175,54,113368
2017,湖北,理科,175,119,181194
2017,湖北,文科,174,48,113416
2017,湖北,理科,174,123,181317
2017,湖北,文科,173,44,113460
2017,湖北,理科,173,130,181447
2017,湖北,文科,172,59,113519
2017,湖北,理科,172,117,181564
2017,湖北,文科,171,68,113587
2017,湖北,理科,171,113,181677
2017,湖北,文科,170,36,113623
2017,湖北,理科,170,90,181767
2017,湖北,文科,169,43,113666
2017,湖北,理科,169,115,181882
2017,湖北,文科,168,41,113707
2017,湖北,理科,168,125,182007
2017,湖北,文科,167,39,113746
2017,湖北,理科,167,107,182114
2017,湖北,文科,166,42,113788
2017,湖北,理科,166,93,182207
2017,湖北,文科,165,45,113833
2017,湖北,理科,165,93,182300
2017,湖北,文科,164,42,113875
2017,湖北,理科,164,85,182385
2017,湖北,文科,163,39,113914
2017,湖北,理科,163,94,182479
2017,湖北,文科,162,40,113954
2017,湖北,理科,162,75,182554
2017,湖北,文科,161,39,113993
2017,湖北,理科,161,80,182634
2017,湖北,文科,160,26,114019
2017,湖北,理科,160,62,182696
2017,湖北,文科,159,30,114049
2017,湖北,理科,159,81,182777
2017,湖北,文科,158,39,114088
2017,湖北,理科,158,71,182848
2017,湖北,文科,157,35,114123
2017,湖北,理科,157,69,182917
2017,湖北,文科,156,32,114155
2017,湖北,理科,156,78,182995
2017,湖北,文科,155,28,114183
2017,湖北,理科,155,63,183058
2017,湖北,文科,154,20,114203
2017,湖北,理科,154,52,183110
2017,湖北,文科,153,26,114229
2017,湖北,理科,153,46,183156
2017,湖北,文科,152,29,114258
2017,湖北,理科,152,56,183212
2017,湖北,文科,151,25,114283
2017,湖北,理科,151,50,183262
2017,湖北,文科,150,27,114310
2017,湖北,理科,150,62,183324
